username,user_id,verified,name,location,lang,tweet_id,source,edit_history_tweet_ids,created_at,text,possibly_sensitive,type,geo.coordinates.type,geo.coordinates.coordinates
Ezequiel22MCI,1059495451538415616,False,Ezequiel ğŸ‡¦ğŸ‡·,Argentina,es,1594720161399189509,Twitter for Android,['1594720161399189509'],2022-11-21 15:51:29+00:00,"#SelecciÃ³nMayor Tras el entrenamiento de hoy, el futbolista Guido Rodriguez sufriÃ³ una lesiÃ³n muscular y quedarÃ¡ desafectado de la nÃ³mina mundialista. En su reemplazo, el CT de @Argentina,  convoca a Enzo Perez. https://t.co/mBQuSPXLPS",False,,,
TiempoDeportiv8,1503481326694850560,False,Tiempo Deportivo,,es,1594702152395796482,Twitter for Android,['1594702152395796482'],2022-11-21 14:39:55+00:00,"#SeleccionMayor 
#ArabiaSaudita

Ãšltimo entrenamiento de seleccionado Argentino ante del de debut de maÃ±ana frente a #ArabiaSaudita los primeros 15 minutos fue a puertas abiertas para la prensa.

ğŸ“·@Argentina https://t.co/FKhZXU5tpt",False,,,
TiempoDeportiv8,1503481326694850560,False,Tiempo Deportivo,,es,1594662476939153408,Twitter for Android,['1594662476939153408'],2022-11-21 12:02:16+00:00,"#SeleccionMayor 

Hoy hablarÃ¡ en conferencia de prensa el DT @lioscaloni junto a capitÃ¡n #Messi un dÃ­a ante del debut en @fifaworldcup_es 

#SeleccionMayor 
#Qatar2022 
#CopaDoMundoFIFA https://t.co/QcnH9E3Uwc",False,,,
MaraClaraCDMX,1505178579008729092,False,Mara Clara,,qme,1594492964646318080,Twitter for iPhone,['1594492964646318080'],2022-11-21 00:48:41+00:00,#QatarWorldCup2022 #SeleccionMayor #SeleccionMexicana #mexicoqatar #MexicoSiPuedes #MexicoManda #mexiconoticias https://t.co/ZnfckiKQhu,False,,,
El_Inspector_70,2352084661,False,Sargento DodÃ³,Fernando de Noronha ,es,1594469569346797568,Twitter for Android,['1594469569346797568'],2022-11-20 23:15:43+00:00,"@afa @Argentina 
NO LO HAGAN, se ponen al 70% del paÃ­s en contra.
#SeleccionMayor @Notamendi30 https://t.co/TuQcS7ifoy",False,quoted,,
El_Picapiedras,1069603893636751360,False,@john Goodman,"Pilar, Buenos Aires,",qht,1594453660242542592,Twitter for Android,['1594453660242542592'],2022-11-20 22:12:30+00:00,"#NoALaCintaNegra 

#SeleccionMayor 
#AFA 
#Mundial2022",False,,,
TiempoDeportiv8,1503481326694850560,False,Tiempo Deportivo,,es,1594409654158704640,Twitter for Android,['1594409654158704640'],2022-11-20 19:17:38+00:00,"#SelecciÃ³nMayor

Cada vez falta menos para el debut de la Albiceleste a dos dÃ­as del debut en #Qatar2022 hoy se entreno a puertas cerradas.

#TodosJuntos
#Messi
#Qatar2022
#MundialQatar2022
#FIFAWorldCup
#SeleccionArgentina

ğŸ“· @Argentina https://t.co/wf440eEj1C",False,,,
TiempoDeportiv8,1503481326694850560,False,Tiempo Deportivo,,es,1594409654158704640,Twitter for Android,['1594409654158704640'],2022-11-20 19:17:38+00:00,"#SelecciÃ³nMayor

Cada vez falta menos para el debut de la Albiceleste a dos dÃ­as del debut en #Qatar2022 hoy se entreno a puertas cerradas.

#TodosJuntos
#Messi
#Qatar2022
#MundialQatar2022
#FIFAWorldCup
#SeleccionArgentina

ğŸ“· @Argentina https://t.co/wf440eEj1C",False,,,
TiempoDeportiv8,1503481326694850560,False,Tiempo Deportivo,,es,1594409654158704640,Twitter for Android,['1594409654158704640'],2022-11-20 19:17:38+00:00,"#SelecciÃ³nMayor

Cada vez falta menos para el debut de la Albiceleste a dos dÃ­as del debut en #Qatar2022 hoy se entreno a puertas cerradas.

#TodosJuntos
#Messi
#Qatar2022
#MundialQatar2022
#FIFAWorldCup
#SeleccionArgentina

ğŸ“· @Argentina https://t.co/wf440eEj1C",False,,,
Argentina,2495199115,True,SelecciÃ³n Argentina ğŸ‡¦ğŸ‡·,Argentina,es,1594367704928075779,Twitter Web App,['1594367704928075779'],2022-11-20 16:30:57+00:00,"#SelecciÃ³nMayor PreparaciÃ³n a dos dÃ­as de nuestro debut mundialista.

ğŸ™ŒğŸ‡¦ğŸ‡· #TodosJuntos https://t.co/5abdssl8gk",False,,,
Apoyoaltrifeem,925413368646774784,False,Apoyotricolorfemenil ğŸ‡²ğŸ‡½,,es,1594366965082390528,Twitter for Android,['1594366965082390528'],2022-11-20 16:28:01+00:00,#SeleccionMayor De titular la capi @KentiRobles jugando los 90 minutos en la victoria de su equipo @realmadridfem 1-0 @sportinghuelva ğŸ“· @ToqueFem https://t.co/5gtCJN9DSg,False,,,
BancoNacion,2766810024,True,Banco NaciÃ³n,Argentina,es,1594348419144982535,Twitter Web App,['1594348419144982535'],2022-11-20 15:14:19+00:00,Felices de acompaÃ±ar a la selecciÃ³n ğŸ‡¦ğŸ‡·ğŸ«¶ Cada argentin@ alienta @Argentina #TodosJuntos #SelecciÃ³nMayor #BancoNaciÃ³n https://t.co/q7nSd6uMh2,False,,,
lttv_spain,1557155666183290881,False,LTTV Spain,,en,1594336171370450945,LTTV Spain 2,['1594336171370450945'],2022-11-20 14:25:39+00:00,"Argentina | TOP 2 (espaÃ±ol) TWEETS 

 YouTube : https://t.co/80VvfRDKTI 
 Odysee/LBRY Channel : https://t.co/SJBkHfHJuU 
 Twitch : https://t.co/FS5VXZksVH 

#SelecciÃ³nMayor",False,,,
TiempoDeportiv8,1503481326694850560,False,Tiempo Deportivo,,es,1594257154831163392,Twitter for Android,['1594257154831163392'],2022-11-20 09:11:40+00:00,"#SeleccionMayor

Ayer los jugadores dirijido por @lioscaloni realizaron otro dÃ­a mÃ¡s de entrenamiento la novedad mÃ¡s importante que #Messi trabajo separado de sus compaÃ±eros por una molestÃ­a y este domingo 20 a las
17.00hs entrenamiento a puertas cerradas.

ğŸ“·@Argentina https://t.co/RnrA9cfoP9",False,,,
Hasbullator,2159508163,False,Not Hasbulla Hushetskiy ğŸ’,"Sicilia, Italia",es,1594211066493382656,Twitter for iPhone,['1594211066493382656'],2022-11-20 06:08:31+00:00,"Me dicen que @Raul_Jimenez9 juega de delantero en @miseleccionmx y yo tenÃ­a la idea que jugaba de medio retrasado. âš½ï¸

#MundialQatar2022 #QatarWorldCup2022 #Qatar #WorldCup2022 #SeleccionMayor #SeleccionMexicana ğŸ‡²ğŸ‡½ https://t.co/0XarZdBurR",False,,,
CAlbicelestes,1412912060967555073,False,Cubanos Albicelestes,,es,1594194339651260417,Twitter for Android,['1594194339651260417'],2022-11-20 05:02:03+00:00,"Todos los seguidores en Cuba de @Argentina pueden disfrutar junto a @CAlbicelestes del mundial #Qatar2022 en el SalÃ³n Rojo del Capri organizado por #Hashtageventos . Si deseas apoyar a la #Scaloneta no faltes .

#TodosJuntos 
#SeleccionMayor https://t.co/zkzx6jqaHa",False,,,
CGTNSportsScene,866503271602679811,False,CGTN Sports Scene,"åŒ—äº¬, ä¸­åäººæ°‘å…±å’Œå›½",en,1594164593768927232,Twitter for iPhone,['1594164593768927232'],2022-11-20 03:03:51+00:00,"ğŸ‡¦ğŸ‡·Argentina trained in Doha at the Qatar University Training site 3 on Saturday ahead of their #QatarWorldCup2022 opener vs. Saudi Arabia

ğŸ’ªLionel Messi, who missed Friday's training, warmed up for a few minutes alone

#Qatar2022 #FIFAWorldCup #SelecciÃ³nMayor @ARG_soccernews https://t.co/cTHPRkcAgG https://t.co/YysnJKcLDr",False,,,
Argentina,2495199115,True,SelecciÃ³n Argentina ğŸ‡¦ğŸ‡·,Argentina,es,1594367704928075779,Twitter Web App,['1594367704928075779'],2022-11-20 16:30:57+00:00,"#SelecciÃ³nMayor PreparaciÃ³n a dos dÃ­as de nuestro debut mundialista.

ğŸ™ŒğŸ‡¦ğŸ‡· #TodosJuntos https://t.co/5abdssl8gk",False,,,
Apoyoaltrifeem,925413368646774784,False,Apoyotricolorfemenil ğŸ‡²ğŸ‡½,,es,1594366965082390528,Twitter for Android,['1594366965082390528'],2022-11-20 16:28:01+00:00,#SeleccionMayor De titular la capi @KentiRobles jugando los 90 minutos en la victoria de su equipo @realmadridfem 1-0 @sportinghuelva ğŸ“· @ToqueFem https://t.co/5gtCJN9DSg,False,,,
BancoNacion,2766810024,True,Banco NaciÃ³n,Argentina,es,1594348419144982535,Twitter Web App,['1594348419144982535'],2022-11-20 15:14:19+00:00,Felices de acompaÃ±ar a la selecciÃ³n ğŸ‡¦ğŸ‡·ğŸ«¶ Cada argentin@ alienta @Argentina #TodosJuntos #SelecciÃ³nMayor #BancoNaciÃ³n https://t.co/q7nSd6uMh2,False,,,
lttv_spain,1557155666183290881,False,LTTV Spain,,en,1594336171370450945,LTTV Spain 2,['1594336171370450945'],2022-11-20 14:25:39+00:00,"Argentina | TOP 2 (espaÃ±ol) TWEETS 

 YouTube : https://t.co/80VvfRDKTI 
 Odysee/LBRY Channel : https://t.co/SJBkHfHJuU 
 Twitch : https://t.co/FS5VXZksVH 

#SelecciÃ³nMayor",False,,,
TiempoDeportiv8,1503481326694850560,False,Tiempo Deportivo,,es,1594257154831163392,Twitter for Android,['1594257154831163392'],2022-11-20 09:11:40+00:00,"#SeleccionMayor

Ayer los jugadores dirijido por @lioscaloni realizaron otro dÃ­a mÃ¡s de entrenamiento la novedad mÃ¡s importante que #Messi trabajo separado de sus compaÃ±eros por una molestÃ­a y este domingo 20 a las
17.00hs entrenamiento a puertas cerradas.

ğŸ“·@Argentina https://t.co/RnrA9cfoP9",False,,,
Hasbullator,2159508163,False,Not Hasbulla Hushetskiy ğŸ’,"Sicilia, Italia",es,1594211066493382656,Twitter for iPhone,['1594211066493382656'],2022-11-20 06:08:31+00:00,"Me dicen que @Raul_Jimenez9 juega de delantero en @miseleccionmx y yo tenÃ­a la idea que jugaba de medio retrasado. âš½ï¸

#MundialQatar2022 #QatarWorldCup2022 #Qatar #WorldCup2022 #SeleccionMayor #SeleccionMexicana ğŸ‡²ğŸ‡½ https://t.co/0XarZdBurR",False,,,
CAlbicelestes,1412912060967555073,False,Cubanos Albicelestes,,es,1594194339651260417,Twitter for Android,['1594194339651260417'],2022-11-20 05:02:03+00:00,"Todos los seguidores en Cuba de @Argentina pueden disfrutar junto a @CAlbicelestes del mundial #Qatar2022 en el SalÃ³n Rojo del Capri organizado por #Hashtageventos . Si deseas apoyar a la #Scaloneta no faltes .

#TodosJuntos 
#SeleccionMayor https://t.co/zkzx6jqaHa",False,,,
CGTNSportsScene,866503271602679811,False,CGTN Sports Scene,"åŒ—äº¬, ä¸­åäººæ°‘å…±å’Œå›½",en,1594164593768927232,Twitter for iPhone,['1594164593768927232'],2022-11-20 03:03:51+00:00,"ğŸ‡¦ğŸ‡·Argentina trained in Doha at the Qatar University Training site 3 on Saturday ahead of their #QatarWorldCup2022 opener vs. Saudi Arabia

ğŸ’ªLionel Messi, who missed Friday's training, warmed up for a few minutes alone

#Qatar2022 #FIFAWorldCup #SelecciÃ³nMayor @ARG_soccernews https://t.co/cTHPRkcAgG https://t.co/YysnJKcLDr",False,,,
Argentina,2495199115,True,SelecciÃ³n Argentina ğŸ‡¦ğŸ‡·,Argentina,es,1594367704928075779,Twitter Web App,['1594367704928075779'],2022-11-20 16:30:57+00:00,"#SelecciÃ³nMayor PreparaciÃ³n a dos dÃ­as de nuestro debut mundialista.

ğŸ™ŒğŸ‡¦ğŸ‡· #TodosJuntos https://t.co/5abdssl8gk",False,,,
Apoyoaltrifeem,925413368646774784,False,Apoyotricolorfemenil ğŸ‡²ğŸ‡½,,es,1594366965082390528,Twitter for Android,['1594366965082390528'],2022-11-20 16:28:01+00:00,#SeleccionMayor De titular la capi @KentiRobles jugando los 90 minutos en la victoria de su equipo @realmadridfem 1-0 @sportinghuelva ğŸ“· @ToqueFem https://t.co/5gtCJN9DSg,False,,,
BancoNacion,2766810024,True,Banco NaciÃ³n,Argentina,es,1594348419144982535,Twitter Web App,['1594348419144982535'],2022-11-20 15:14:19+00:00,Felices de acompaÃ±ar a la selecciÃ³n ğŸ‡¦ğŸ‡·ğŸ«¶ Cada argentin@ alienta @Argentina #TodosJuntos #SelecciÃ³nMayor #BancoNaciÃ³n https://t.co/q7nSd6uMh2,False,,,
lttv_spain,1557155666183290881,False,LTTV Spain,,en,1594336171370450945,LTTV Spain 2,['1594336171370450945'],2022-11-20 14:25:39+00:00,"Argentina | TOP 2 (espaÃ±ol) TWEETS 

 YouTube : https://t.co/80VvfRDKTI 
 Odysee/LBRY Channel : https://t.co/SJBkHfHJuU 
 Twitch : https://t.co/FS5VXZksVH 

#SelecciÃ³nMayor",False,,,
TiempoDeportiv8,1503481326694850560,False,Tiempo Deportivo,,es,1594257154831163392,Twitter for Android,['1594257154831163392'],2022-11-20 09:11:40+00:00,"#SeleccionMayor

Ayer los jugadores dirijido por @lioscaloni realizaron otro dÃ­a mÃ¡s de entrenamiento la novedad mÃ¡s importante que #Messi trabajo separado de sus compaÃ±eros por una molestÃ­a y este domingo 20 a las
17.00hs entrenamiento a puertas cerradas.

ğŸ“·@Argentina https://t.co/RnrA9cfoP9",False,,,
Hasbullator,2159508163,False,Not Hasbulla Hushetskiy ğŸ’,"Sicilia, Italia",es,1594211066493382656,Twitter for iPhone,['1594211066493382656'],2022-11-20 06:08:31+00:00,"Me dicen que @Raul_Jimenez9 juega de delantero en @miseleccionmx y yo tenÃ­a la idea que jugaba de medio retrasado. âš½ï¸

#MundialQatar2022 #QatarWorldCup2022 #Qatar #WorldCup2022 #SeleccionMayor #SeleccionMexicana ğŸ‡²ğŸ‡½ https://t.co/0XarZdBurR",False,,,
CAlbicelestes,1412912060967555073,False,Cubanos Albicelestes,,es,1594194339651260417,Twitter for Android,['1594194339651260417'],2022-11-20 05:02:03+00:00,"Todos los seguidores en Cuba de @Argentina pueden disfrutar junto a @CAlbicelestes del mundial #Qatar2022 en el SalÃ³n Rojo del Capri organizado por #Hashtageventos . Si deseas apoyar a la #Scaloneta no faltes .

#TodosJuntos 
#SeleccionMayor https://t.co/zkzx6jqaHa",False,,,
CGTNSportsScene,866503271602679811,False,CGTN Sports Scene,"åŒ—äº¬, ä¸­åäººæ°‘å…±å’Œå›½",en,1594164593768927232,Twitter for iPhone,['1594164593768927232'],2022-11-20 03:03:51+00:00,"ğŸ‡¦ğŸ‡·Argentina trained in Doha at the Qatar University Training site 3 on Saturday ahead of their #QatarWorldCup2022 opener vs. Saudi Arabia

ğŸ’ªLionel Messi, who missed Friday's training, warmed up for a few minutes alone

#Qatar2022 #FIFAWorldCup #SelecciÃ³nMayor @ARG_soccernews https://t.co/cTHPRkcAgG https://t.co/YysnJKcLDr",False,,,
Argentina,2495199115,True,SelecciÃ³n Argentina ğŸ‡¦ğŸ‡·,Argentina,es,1594367704928075779,Twitter Web App,['1594367704928075779'],2022-11-20 16:30:57+00:00,"#SelecciÃ³nMayor PreparaciÃ³n a dos dÃ­as de nuestro debut mundialista.

ğŸ™ŒğŸ‡¦ğŸ‡· #TodosJuntos https://t.co/5abdssl8gk",False,,,
Apoyoaltrifeem,925413368646774784,False,Apoyotricolorfemenil ğŸ‡²ğŸ‡½,,es,1594366965082390528,Twitter for Android,['1594366965082390528'],2022-11-20 16:28:01+00:00,#SeleccionMayor De titular la capi @KentiRobles jugando los 90 minutos en la victoria de su equipo @realmadridfem 1-0 @sportinghuelva ğŸ“· @ToqueFem https://t.co/5gtCJN9DSg,False,,,
BancoNacion,2766810024,True,Banco NaciÃ³n,Argentina,es,1594348419144982535,Twitter Web App,['1594348419144982535'],2022-11-20 15:14:19+00:00,Felices de acompaÃ±ar a la selecciÃ³n ğŸ‡¦ğŸ‡·ğŸ«¶ Cada argentin@ alienta @Argentina #TodosJuntos #SelecciÃ³nMayor #BancoNaciÃ³n https://t.co/q7nSd6uMh2,False,,,
lttv_spain,1557155666183290881,False,LTTV Spain,,en,1594336171370450945,LTTV Spain 2,['1594336171370450945'],2022-11-20 14:25:39+00:00,"Argentina | TOP 2 (espaÃ±ol) TWEETS 

 YouTube : https://t.co/80VvfRDKTI 
 Odysee/LBRY Channel : https://t.co/SJBkHfHJuU 
 Twitch : https://t.co/FS5VXZksVH 

#SelecciÃ³nMayor",False,,,
TiempoDeportiv8,1503481326694850560,False,Tiempo Deportivo,,es,1594257154831163392,Twitter for Android,['1594257154831163392'],2022-11-20 09:11:40+00:00,"#SeleccionMayor

Ayer los jugadores dirijido por @lioscaloni realizaron otro dÃ­a mÃ¡s de entrenamiento la novedad mÃ¡s importante que #Messi trabajo separado de sus compaÃ±eros por una molestÃ­a y este domingo 20 a las
17.00hs entrenamiento a puertas cerradas.

ğŸ“·@Argentina https://t.co/RnrA9cfoP9",False,,,
Hasbullator,2159508163,False,Not Hasbulla Hushetskiy ğŸ’,"Sicilia, Italia",es,1594211066493382656,Twitter for iPhone,['1594211066493382656'],2022-11-20 06:08:31+00:00,"Me dicen que @Raul_Jimenez9 juega de delantero en @miseleccionmx y yo tenÃ­a la idea que jugaba de medio retrasado. âš½ï¸

#MundialQatar2022 #QatarWorldCup2022 #Qatar #WorldCup2022 #SeleccionMayor #SeleccionMexicana ğŸ‡²ğŸ‡½ https://t.co/0XarZdBurR",False,,,
CAlbicelestes,1412912060967555073,False,Cubanos Albicelestes,,es,1594194339651260417,Twitter for Android,['1594194339651260417'],2022-11-20 05:02:03+00:00,"Todos los seguidores en Cuba de @Argentina pueden disfrutar junto a @CAlbicelestes del mundial #Qatar2022 en el SalÃ³n Rojo del Capri organizado por #Hashtageventos . Si deseas apoyar a la #Scaloneta no faltes .

#TodosJuntos 
#SeleccionMayor https://t.co/zkzx6jqaHa",False,,,
CGTNSportsScene,866503271602679811,False,CGTN Sports Scene,"åŒ—äº¬, ä¸­åäººæ°‘å…±å’Œå›½",en,1594164593768927232,Twitter for iPhone,['1594164593768927232'],2022-11-20 03:03:51+00:00,"ğŸ‡¦ğŸ‡·Argentina trained in Doha at the Qatar University Training site 3 on Saturday ahead of their #QatarWorldCup2022 opener vs. Saudi Arabia

ğŸ’ªLionel Messi, who missed Friday's training, warmed up for a few minutes alone

#Qatar2022 #FIFAWorldCup #SelecciÃ³nMayor @ARG_soccernews https://t.co/cTHPRkcAgG https://t.co/YysnJKcLDr",False,,,
Argentina,2495199115,True,SelecciÃ³n Argentina ğŸ‡¦ğŸ‡·,Argentina,es,1594367704928075779,Twitter Web App,['1594367704928075779'],2022-11-20 16:30:57+00:00,"#SelecciÃ³nMayor PreparaciÃ³n a dos dÃ­as de nuestro debut mundialista.

ğŸ™ŒğŸ‡¦ğŸ‡· #TodosJuntos https://t.co/5abdssl8gk",False,,,
Apoyoaltrifeem,925413368646774784,False,Apoyotricolorfemenil ğŸ‡²ğŸ‡½,,es,1594366965082390528,Twitter for Android,['1594366965082390528'],2022-11-20 16:28:01+00:00,#SeleccionMayor De titular la capi @KentiRobles jugando los 90 minutos en la victoria de su equipo @realmadridfem 1-0 @sportinghuelva ğŸ“· @ToqueFem https://t.co/5gtCJN9DSg,False,,,
BancoNacion,2766810024,True,Banco NaciÃ³n,Argentina,es,1594348419144982535,Twitter Web App,['1594348419144982535'],2022-11-20 15:14:19+00:00,Felices de acompaÃ±ar a la selecciÃ³n ğŸ‡¦ğŸ‡·ğŸ«¶ Cada argentin@ alienta @Argentina #TodosJuntos #SelecciÃ³nMayor #BancoNaciÃ³n https://t.co/q7nSd6uMh2,False,,,
lttv_spain,1557155666183290881,False,LTTV Spain,,en,1594336171370450945,LTTV Spain 2,['1594336171370450945'],2022-11-20 14:25:39+00:00,"Argentina | TOP 2 (espaÃ±ol) TWEETS 

 YouTube : https://t.co/80VvfRDKTI 
 Odysee/LBRY Channel : https://t.co/SJBkHfHJuU 
 Twitch : https://t.co/FS5VXZksVH 

#SelecciÃ³nMayor",False,,,
TiempoDeportiv8,1503481326694850560,False,Tiempo Deportivo,,es,1594257154831163392,Twitter for Android,['1594257154831163392'],2022-11-20 09:11:40+00:00,"#SeleccionMayor

Ayer los jugadores dirijido por @lioscaloni realizaron otro dÃ­a mÃ¡s de entrenamiento la novedad mÃ¡s importante que #Messi trabajo separado de sus compaÃ±eros por una molestÃ­a y este domingo 20 a las
17.00hs entrenamiento a puertas cerradas.

ğŸ“·@Argentina https://t.co/RnrA9cfoP9",False,,,
Hasbullator,2159508163,False,Not Hasbulla Hushetskiy ğŸ’,"Sicilia, Italia",es,1594211066493382656,Twitter for iPhone,['1594211066493382656'],2022-11-20 06:08:31+00:00,"Me dicen que @Raul_Jimenez9 juega de delantero en @miseleccionmx y yo tenÃ­a la idea que jugaba de medio retrasado. âš½ï¸

#MundialQatar2022 #QatarWorldCup2022 #Qatar #WorldCup2022 #SeleccionMayor #SeleccionMexicana ğŸ‡²ğŸ‡½ https://t.co/0XarZdBurR",False,,,
CAlbicelestes,1412912060967555073,False,Cubanos Albicelestes,,es,1594194339651260417,Twitter for Android,['1594194339651260417'],2022-11-20 05:02:03+00:00,"Todos los seguidores en Cuba de @Argentina pueden disfrutar junto a @CAlbicelestes del mundial #Qatar2022 en el SalÃ³n Rojo del Capri organizado por #Hashtageventos . Si deseas apoyar a la #Scaloneta no faltes .

#TodosJuntos 
#SeleccionMayor https://t.co/zkzx6jqaHa",False,,,
CGTNSportsScene,866503271602679811,False,CGTN Sports Scene,"åŒ—äº¬, ä¸­åäººæ°‘å…±å’Œå›½",en,1594164593768927232,Twitter for iPhone,['1594164593768927232'],2022-11-20 03:03:51+00:00,"ğŸ‡¦ğŸ‡·Argentina trained in Doha at the Qatar University Training site 3 on Saturday ahead of their #QatarWorldCup2022 opener vs. Saudi Arabia

ğŸ’ªLionel Messi, who missed Friday's training, warmed up for a few minutes alone

#Qatar2022 #FIFAWorldCup #SelecciÃ³nMayor @ARG_soccernews https://t.co/cTHPRkcAgG https://t.co/YysnJKcLDr",False,,,
Argentina,2495199115,True,SelecciÃ³n Argentina ğŸ‡¦ğŸ‡·,Argentina,es,1594367704928075779,Twitter Web App,['1594367704928075779'],2022-11-20 16:30:57+00:00,"#SelecciÃ³nMayor PreparaciÃ³n a dos dÃ­as de nuestro debut mundialista.

ğŸ™ŒğŸ‡¦ğŸ‡· #TodosJuntos https://t.co/5abdssl8gk",False,,,
Apoyoaltrifeem,925413368646774784,False,Apoyotricolorfemenil ğŸ‡²ğŸ‡½,,es,1594366965082390528,Twitter for Android,['1594366965082390528'],2022-11-20 16:28:01+00:00,#SeleccionMayor De titular la capi @KentiRobles jugando los 90 minutos en la victoria de su equipo @realmadridfem 1-0 @sportinghuelva ğŸ“· @ToqueFem https://t.co/5gtCJN9DSg,False,,,
BancoNacion,2766810024,True,Banco NaciÃ³n,Argentina,es,1594348419144982535,Twitter Web App,['1594348419144982535'],2022-11-20 15:14:19+00:00,Felices de acompaÃ±ar a la selecciÃ³n ğŸ‡¦ğŸ‡·ğŸ«¶ Cada argentin@ alienta @Argentina #TodosJuntos #SelecciÃ³nMayor #BancoNaciÃ³n https://t.co/q7nSd6uMh2,False,,,
lttv_spain,1557155666183290881,False,LTTV Spain,,en,1594336171370450945,LTTV Spain 2,['1594336171370450945'],2022-11-20 14:25:39+00:00,"Argentina | TOP 2 (espaÃ±ol) TWEETS 

 YouTube : https://t.co/80VvfRDKTI 
 Odysee/LBRY Channel : https://t.co/SJBkHfHJuU 
 Twitch : https://t.co/FS5VXZksVH 

#SelecciÃ³nMayor",False,,,
TiempoDeportiv8,1503481326694850560,False,Tiempo Deportivo,,es,1594257154831163392,Twitter for Android,['1594257154831163392'],2022-11-20 09:11:40+00:00,"#SeleccionMayor

Ayer los jugadores dirijido por @lioscaloni realizaron otro dÃ­a mÃ¡s de entrenamiento la novedad mÃ¡s importante que #Messi trabajo separado de sus compaÃ±eros por una molestÃ­a y este domingo 20 a las
17.00hs entrenamiento a puertas cerradas.

ğŸ“·@Argentina https://t.co/RnrA9cfoP9",False,,,
Hasbullator,2159508163,False,Not Hasbulla Hushetskiy ğŸ’,"Sicilia, Italia",es,1594211066493382656,Twitter for iPhone,['1594211066493382656'],2022-11-20 06:08:31+00:00,"Me dicen que @Raul_Jimenez9 juega de delantero en @miseleccionmx y yo tenÃ­a la idea que jugaba de medio retrasado. âš½ï¸

#MundialQatar2022 #QatarWorldCup2022 #Qatar #WorldCup2022 #SeleccionMayor #SeleccionMexicana ğŸ‡²ğŸ‡½ https://t.co/0XarZdBurR",False,,,
CAlbicelestes,1412912060967555073,False,Cubanos Albicelestes,,es,1594194339651260417,Twitter for Android,['1594194339651260417'],2022-11-20 05:02:03+00:00,"Todos los seguidores en Cuba de @Argentina pueden disfrutar junto a @CAlbicelestes del mundial #Qatar2022 en el SalÃ³n Rojo del Capri organizado por #Hashtageventos . Si deseas apoyar a la #Scaloneta no faltes .

#TodosJuntos 
#SeleccionMayor https://t.co/zkzx6jqaHa",False,,,
CGTNSportsScene,866503271602679811,False,CGTN Sports Scene,"åŒ—äº¬, ä¸­åäººæ°‘å…±å’Œå›½",en,1594164593768927232,Twitter for iPhone,['1594164593768927232'],2022-11-20 03:03:51+00:00,"ğŸ‡¦ğŸ‡·Argentina trained in Doha at the Qatar University Training site 3 on Saturday ahead of their #QatarWorldCup2022 opener vs. Saudi Arabia

ğŸ’ªLionel Messi, who missed Friday's training, warmed up for a few minutes alone

#Qatar2022 #FIFAWorldCup #SelecciÃ³nMayor @ARG_soccernews https://t.co/cTHPRkcAgG https://t.co/YysnJKcLDr",False,,,
JCarlo_ooo,866077493891129345,False,ğ™²ğšŠğš›ğš•ğš˜,"Guadalajara, Jalisco",es,1593739436050767874,Twitter for iPhone,['1593739436050767874'],2022-11-18 22:54:26+00:00,"Â¿CuÃ¡nto apuestan? A quÃ© no gana el mundial Argentina, le va pasar lo mismo Â¡Eliminado....! De los mundiales recientes. #Qatar2022Â #SelecciÃ³nMayor",False,,,
TizianoZalazar2,1475125563622834184,False,Tiziano ZalazarğŸ™ï¸,Argentina,es,1593730817943126016,Instagram,['1593730817943126016'],2022-11-18 22:20:11+00:00,#SelecciÃ³nMayor Cronograma de trabajo de la SelecciÃ³n Argentina en  el Predio de entrenamiento de Qatar en Qatar - Doha https://t.co/HY4rntgAap,False,,Point,"[51.53272132, 25.2935757]"
Martine85743281,1531643812392669184,False,Martinez ğŸ‡¦ğŸ‡·,,es,1593704499197231104,Twitter for iPhone,['1593704499197231104'],2022-11-18 20:35:36+00:00,"Luchemos por ello ğŸ‡¦ğŸ‡·ğŸ‡¦ğŸ‡·ğŸ¤ğŸ’™ğŸ™ŒğŸ»
#VamosArgentina
#Argentina  #SeleccionMayor  #Qatar2022 https://t.co/wmWnlmGOAj",False,,,
EchoboxL,1252243828691664897,False,Echobox LATAM,,es,1593703053630357509,Echobox,['1593703053630357509'],2022-11-18 20:29:52+00:00,#SelecciÃ³nMayor Â¡Llegamos a Doha! ğŸ‡¶ğŸ‡¦ ConocÃ© la prÃ³xima actividad de la SelecciÃ³n @Argentina en Qatar ğŸ‘‡ https://t.co/PnRb6zGCPk,False,,,
Argentina,2495199115,True,SelecciÃ³n Argentina ğŸ‡¦ğŸ‡·,Argentina,es,1593702099954573313,Twitter for iPhone,['1593702099954573313'],2022-11-18 20:26:04+00:00,Argentina ya se siente campeÃ³n se parece al AmÃ©rica ğŸ˜…  #SelecciÃ³nMayor #Qatar2022,False,,,
TiempoDeportiv8,1503481326694850560,False,Tiempo Deportivo,,es,1593685788448866304,Twitter for Android,['1593685788448866304'],2022-11-18 19:21:15+00:00,"#SelecciÃ³nMayor Cronograma de trabajo de la SelecciÃ³n Argentina en  el Predio de entrenamiento de Qatar

ğŸ“ https://t.co/8AF2tZ4UEw https://t.co/jOvOmDZd6L",False,,,
nicolas63924807,962510547227996160,False,nicolas juarezLR-2 oficial ğŸ—£ï¸ğŸ™ï¸,"La Rioja, Argentina",es,1593684208911777792,Twitter for Android,['1593684208911777792'],2022-11-18 19:14:59+00:00,"#SeleccionMayor

El jugador de la Albiceleste Lionel #Messi presentÃ³ los nuevos botines casi dorado en su totalidad y con los 10 estampado en la parte de atrÃ¡s y lo va utilizar en #Qatar2022 https://t.co/q3KR3oGH1Q",False,,,
Argentina,2495199115,True,SelecciÃ³n Argentina ğŸ‡¦ğŸ‡·,Argentina,es,1593680437938749440,TweetDeck,['1593680437938749440'],2022-11-18 19:00:00+00:00,"#SelecciÃ³nMayor Lionel Messi ğŸ”Ÿ y sus goles en la SelecciÃ³n @Argentina, aÃ±o por aÃ±o âš½ï¸.

ğŸ“ https://t.co/32zDbbe5Ri https://t.co/rWUVfiOHlg",False,,,
negrabostera_,2332372364,False,shit disturber ğŸ‡¦ğŸ‡·,,es,1593663451280408580,Twitter for Android,['1593663451280408580'],2022-11-18 17:52:30+00:00,"#SelecciÃ³nMayor Â¡Nuevo dÃ­a de labores! âš½ï¸

ğŸ’ª #ContinÃºa la #preparaciÃ³n de @afaArgentina para su primer #compromiso en #Qatar2022 

#TodosJuntos

ğŸ“ https://t.co/33xXvRHek3
https://t.co/gokMx5T03Z",False,,,
Montony_,3343355925,False,Frases de Carlos Maslaton,"Tendencias, Argentina",es,1593661372604243968,Twitter Web App,['1593661372604243968'],2022-11-18 17:44:14+00:00,"#SelecciÃ³nMayor Â¡Nuevo dÃ­a de labores! âš½ï¸

ğŸ’ª ContinÃºa la preparaciÃ³n de @Argentina para su primer compromiso en #Qatar2022 

#TodosJuntos

ğŸ“ https://t.co/3QMSWHFuHq https://t.co/fEe4NSRMeY",False,,,
nahuutwm,1306604335070052352,False,Nahu,"Buenos Aires, Argentina",es,1593655032381153287,Twitter for Android,['1593655032381153287'],2022-11-18 17:19:03+00:00,"#SelecciÃ³nMayor El jugador Cuba Cocucha Beguiristain tambiÃ©n serÃ¡ desafectado de la convocatoria mundialista por lesiÃ³n. 

El reemplazante serÃ¡ informado en las prÃ³ximas horas. https://t.co/JQEbMw2f6s",False,,,
nicolas63924807,962510547227996160,False,nicolas juarezLR-2 oficial ğŸ—£ï¸ğŸ™ï¸,"La Rioja, Argentina",es,1593633849455656960,Twitter for Android,['1593633849455656960'],2022-11-18 15:54:52+00:00,"#SelecciÃ³nMayor El jugador Ãngel Di MarÃ­a tambiÃ©n serÃ¡ desafectado de la convocatoria mundialista por una lesiÃ³n muscular en el bÃ­ceps femoral izquierdo.

El reemplazante serÃ¡ informado en las prÃ³ximas horas. https://t.co/18kqlMxjpQ",False,,,
Argentina,2495199115,True,SelecciÃ³n Argentina ğŸ‡¦ğŸ‡·,Argentina,es,1593632336448454659,Twitter for Android,['1593632336448454659'],2022-11-18 15:48:51+00:00,"#SelecciÃ³nMayor El jugador Paulo Dybala tambiÃ©n serÃ¡ desafectado de la convocatoria mundialista por lesiÃ³n. 

El reemplazante serÃ¡ Agustin Yolan, joven promesa de El Porvenir, quien ya se encuentra rumbo a Qatar ğŸ‡¶ğŸ‡¦ https://t.co/LtyZo6e3LO",False,,,
negrabostera_,2332372364,False,shit disturber ğŸ‡¦ğŸ‡·,,es,1593663451280408580,Twitter for Android,['1593663451280408580'],2022-11-18 17:52:30+00:00,"#SelecciÃ³nMayor Â¡Nuevo dÃ­a de labores! âš½ï¸

ğŸ’ª #ContinÃºa la #preparaciÃ³n de @afaArgentina para su primer #compromiso en #Qatar2022 

#TodosJuntos

ğŸ“ https://t.co/33xXvRHek3
https://t.co/gokMx5T03Z",False,,,
Montony_,3343355925,False,Frases de Carlos Maslaton,"Tendencias, Argentina",es,1593661372604243968,Twitter Web App,['1593661372604243968'],2022-11-18 17:44:14+00:00,"#SelecciÃ³nMayor Â¡Nuevo dÃ­a de labores! âš½ï¸

ğŸ’ª ContinÃºa la preparaciÃ³n de @Argentina para su primer compromiso en #Qatar2022 

#TodosJuntos

ğŸ“ https://t.co/3QMSWHFuHq https://t.co/fEe4NSRMeY",False,,,
nahuutwm,1306604335070052352,False,Nahu,"Buenos Aires, Argentina",es,1593655032381153287,Twitter for Android,['1593655032381153287'],2022-11-18 17:19:03+00:00,"#SelecciÃ³nMayor El jugador Cuba Cocucha Beguiristain tambiÃ©n serÃ¡ desafectado de la convocatoria mundialista por lesiÃ³n. 

El reemplazante serÃ¡ informado en las prÃ³ximas horas. https://t.co/JQEbMw2f6s",False,,,
nicolas63924807,962510547227996160,False,nicolas juarezLR-2 oficial ğŸ—£ï¸ğŸ™ï¸,"La Rioja, Argentina",es,1593633849455656960,Twitter for Android,['1593633849455656960'],2022-11-18 15:54:52+00:00,"#SelecciÃ³nMayor El jugador Ãngel Di MarÃ­a tambiÃ©n serÃ¡ desafectado de la convocatoria mundialista por una lesiÃ³n muscular en el bÃ­ceps femoral izquierdo.

El reemplazante serÃ¡ informado en las prÃ³ximas horas. https://t.co/18kqlMxjpQ",False,,,
Argentina,2495199115,True,SelecciÃ³n Argentina ğŸ‡¦ğŸ‡·,Argentina,es,1593632336448454659,Twitter for Android,['1593632336448454659'],2022-11-18 15:48:51+00:00,"#SelecciÃ³nMayor El jugador Paulo Dybala tambiÃ©n serÃ¡ desafectado de la convocatoria mundialista por lesiÃ³n. 

El reemplazante serÃ¡ Agustin Yolan, joven promesa de El Porvenir, quien ya se encuentra rumbo a Qatar ğŸ‡¶ğŸ‡¦ https://t.co/LtyZo6e3LO",False,,,
negrabostera_,2332372364,False,shit disturber ğŸ‡¦ğŸ‡·,,es,1593663451280408580,Twitter for Android,['1593663451280408580'],2022-11-18 17:52:30+00:00,"#SelecciÃ³nMayor Â¡Nuevo dÃ­a de labores! âš½ï¸

ğŸ’ª #ContinÃºa la #preparaciÃ³n de @afaArgentina para su primer #compromiso en #Qatar2022 

#TodosJuntos

ğŸ“ https://t.co/33xXvRHek3
https://t.co/gokMx5T03Z",False,,,
Montony_,3343355925,False,Frases de Carlos Maslaton,"Tendencias, Argentina",es,1593661372604243968,Twitter Web App,['1593661372604243968'],2022-11-18 17:44:14+00:00,"#SelecciÃ³nMayor Â¡Nuevo dÃ­a de labores! âš½ï¸

ğŸ’ª ContinÃºa la preparaciÃ³n de @Argentina para su primer compromiso en #Qatar2022 

#TodosJuntos

ğŸ“ https://t.co/3QMSWHFuHq https://t.co/fEe4NSRMeY",False,,,
nahuutwm,1306604335070052352,False,Nahu,"Buenos Aires, Argentina",es,1593655032381153287,Twitter for Android,['1593655032381153287'],2022-11-18 17:19:03+00:00,"#SelecciÃ³nMayor El jugador Cuba Cocucha Beguiristain tambiÃ©n serÃ¡ desafectado de la convocatoria mundialista por lesiÃ³n. 

El reemplazante serÃ¡ informado en las prÃ³ximas horas. https://t.co/JQEbMw2f6s",False,,,
nicolas63924807,962510547227996160,False,nicolas juarezLR-2 oficial ğŸ—£ï¸ğŸ™ï¸,"La Rioja, Argentina",es,1593633849455656960,Twitter for Android,['1593633849455656960'],2022-11-18 15:54:52+00:00,"#SelecciÃ³nMayor El jugador Ãngel Di MarÃ­a tambiÃ©n serÃ¡ desafectado de la convocatoria mundialista por una lesiÃ³n muscular en el bÃ­ceps femoral izquierdo.

El reemplazante serÃ¡ informado en las prÃ³ximas horas. https://t.co/18kqlMxjpQ",False,,,
Argentina,2495199115,True,SelecciÃ³n Argentina ğŸ‡¦ğŸ‡·,Argentina,es,1593632336448454659,Twitter for Android,['1593632336448454659'],2022-11-18 15:48:51+00:00,"#SelecciÃ³nMayor El jugador Paulo Dybala tambiÃ©n serÃ¡ desafectado de la convocatoria mundialista por lesiÃ³n. 

El reemplazante serÃ¡ Agustin Yolan, joven promesa de El Porvenir, quien ya se encuentra rumbo a Qatar ğŸ‡¶ğŸ‡¦ https://t.co/LtyZo6e3LO",False,,,
negrabostera_,2332372364,False,shit disturber ğŸ‡¦ğŸ‡·,,es,1593663451280408580,Twitter for Android,['1593663451280408580'],2022-11-18 17:52:30+00:00,"#SelecciÃ³nMayor Â¡Nuevo dÃ­a de labores! âš½ï¸

ğŸ’ª #ContinÃºa la #preparaciÃ³n de @afaArgentina para su primer #compromiso en #Qatar2022 

#TodosJuntos

ğŸ“ https://t.co/33xXvRHek3
https://t.co/gokMx5T03Z",False,,,
Montony_,3343355925,False,Frases de Carlos Maslaton,"Tendencias, Argentina",es,1593661372604243968,Twitter Web App,['1593661372604243968'],2022-11-18 17:44:14+00:00,"#SelecciÃ³nMayor Â¡Nuevo dÃ­a de labores! âš½ï¸

ğŸ’ª ContinÃºa la preparaciÃ³n de @Argentina para su primer compromiso en #Qatar2022 

#TodosJuntos

ğŸ“ https://t.co/3QMSWHFuHq https://t.co/fEe4NSRMeY",False,,,
nahuutwm,1306604335070052352,False,Nahu,"Buenos Aires, Argentina",es,1593655032381153287,Twitter for Android,['1593655032381153287'],2022-11-18 17:19:03+00:00,"#SelecciÃ³nMayor El jugador Cuba Cocucha Beguiristain tambiÃ©n serÃ¡ desafectado de la convocatoria mundialista por lesiÃ³n. 

El reemplazante serÃ¡ informado en las prÃ³ximas horas. https://t.co/JQEbMw2f6s",False,,,
nicolas63924807,962510547227996160,False,nicolas juarezLR-2 oficial ğŸ—£ï¸ğŸ™ï¸,"La Rioja, Argentina",es,1593633849455656960,Twitter for Android,['1593633849455656960'],2022-11-18 15:54:52+00:00,"#SelecciÃ³nMayor El jugador Ãngel Di MarÃ­a tambiÃ©n serÃ¡ desafectado de la convocatoria mundialista por una lesiÃ³n muscular en el bÃ­ceps femoral izquierdo.

El reemplazante serÃ¡ informado en las prÃ³ximas horas. https://t.co/18kqlMxjpQ",False,,,
Argentina,2495199115,True,SelecciÃ³n Argentina ğŸ‡¦ğŸ‡·,Argentina,es,1593632336448454659,Twitter for Android,['1593632336448454659'],2022-11-18 15:48:51+00:00,"#SelecciÃ³nMayor El jugador Paulo Dybala tambiÃ©n serÃ¡ desafectado de la convocatoria mundialista por lesiÃ³n. 

El reemplazante serÃ¡ Agustin Yolan, joven promesa de El Porvenir, quien ya se encuentra rumbo a Qatar ğŸ‡¶ğŸ‡¦ https://t.co/LtyZo6e3LO",False,,,
negrabostera_,2332372364,False,shit disturber ğŸ‡¦ğŸ‡·,,es,1593663451280408580,Twitter for Android,['1593663451280408580'],2022-11-18 17:52:30+00:00,"#SelecciÃ³nMayor Â¡Nuevo dÃ­a de labores! âš½ï¸

ğŸ’ª #ContinÃºa la #preparaciÃ³n de @afaArgentina para su primer #compromiso en #Qatar2022 

#TodosJuntos

ğŸ“ https://t.co/33xXvRHek3
https://t.co/gokMx5T03Z",False,,,
Montony_,3343355925,False,Frases de Carlos Maslaton,"Tendencias, Argentina",es,1593661372604243968,Twitter Web App,['1593661372604243968'],2022-11-18 17:44:14+00:00,"#SelecciÃ³nMayor Â¡Nuevo dÃ­a de labores! âš½ï¸

ğŸ’ª ContinÃºa la preparaciÃ³n de @Argentina para su primer compromiso en #Qatar2022 

#TodosJuntos

ğŸ“ https://t.co/3QMSWHFuHq https://t.co/fEe4NSRMeY",False,,,
nahuutwm,1306604335070052352,False,Nahu,"Buenos Aires, Argentina",es,1593655032381153287,Twitter for Android,['1593655032381153287'],2022-11-18 17:19:03+00:00,"#SelecciÃ³nMayor El jugador Cuba Cocucha Beguiristain tambiÃ©n serÃ¡ desafectado de la convocatoria mundialista por lesiÃ³n. 

El reemplazante serÃ¡ informado en las prÃ³ximas horas. https://t.co/JQEbMw2f6s",False,,,
nicolas63924807,962510547227996160,False,nicolas juarezLR-2 oficial ğŸ—£ï¸ğŸ™ï¸,"La Rioja, Argentina",es,1593633849455656960,Twitter for Android,['1593633849455656960'],2022-11-18 15:54:52+00:00,"#SelecciÃ³nMayor El jugador Ãngel Di MarÃ­a tambiÃ©n serÃ¡ desafectado de la convocatoria mundialista por una lesiÃ³n muscular en el bÃ­ceps femoral izquierdo.

El reemplazante serÃ¡ informado en las prÃ³ximas horas. https://t.co/18kqlMxjpQ",False,,,
Argentina,2495199115,True,SelecciÃ³n Argentina ğŸ‡¦ğŸ‡·,Argentina,es,1593632336448454659,Twitter for Android,['1593632336448454659'],2022-11-18 15:48:51+00:00,"#SelecciÃ³nMayor El jugador Paulo Dybala tambiÃ©n serÃ¡ desafectado de la convocatoria mundialista por lesiÃ³n. 

El reemplazante serÃ¡ Agustin Yolan, joven promesa de El Porvenir, quien ya se encuentra rumbo a Qatar ğŸ‡¶ğŸ‡¦ https://t.co/LtyZo6e3LO",False,,,
negrabostera_,2332372364,False,shit disturber ğŸ‡¦ğŸ‡·,,es,1593663451280408580,Twitter for Android,['1593663451280408580'],2022-11-18 17:52:30+00:00,"#SelecciÃ³nMayor Â¡Nuevo dÃ­a de labores! âš½ï¸

ğŸ’ª #ContinÃºa la #preparaciÃ³n de @afaArgentina para su primer #compromiso en #Qatar2022 

#TodosJuntos

ğŸ“ https://t.co/33xXvRHek3
https://t.co/gokMx5T03Z",False,,,
Montony_,3343355925,False,Frases de Carlos Maslaton,"Tendencias, Argentina",es,1593661372604243968,Twitter Web App,['1593661372604243968'],2022-11-18 17:44:14+00:00,"#SelecciÃ³nMayor Â¡Nuevo dÃ­a de labores! âš½ï¸

ğŸ’ª ContinÃºa la preparaciÃ³n de @Argentina para su primer compromiso en #Qatar2022 

#TodosJuntos

ğŸ“ https://t.co/3QMSWHFuHq https://t.co/fEe4NSRMeY",False,,,
nahuutwm,1306604335070052352,False,Nahu,"Buenos Aires, Argentina",es,1593655032381153287,Twitter for Android,['1593655032381153287'],2022-11-18 17:19:03+00:00,"#SelecciÃ³nMayor El jugador Cuba Cocucha Beguiristain tambiÃ©n serÃ¡ desafectado de la convocatoria mundialista por lesiÃ³n. 

El reemplazante serÃ¡ informado en las prÃ³ximas horas. https://t.co/JQEbMw2f6s",False,,,
nicolas63924807,962510547227996160,False,nicolas juarezLR-2 oficial ğŸ—£ï¸ğŸ™ï¸,"La Rioja, Argentina",es,1593633849455656960,Twitter for Android,['1593633849455656960'],2022-11-18 15:54:52+00:00,"#SelecciÃ³nMayor El jugador Ãngel Di MarÃ­a tambiÃ©n serÃ¡ desafectado de la convocatoria mundialista por una lesiÃ³n muscular en el bÃ­ceps femoral izquierdo.

El reemplazante serÃ¡ informado en las prÃ³ximas horas. https://t.co/18kqlMxjpQ",False,,,
Argentina,2495199115,True,SelecciÃ³n Argentina ğŸ‡¦ğŸ‡·,Argentina,es,1593632336448454659,Twitter for Android,['1593632336448454659'],2022-11-18 15:48:51+00:00,"#SelecciÃ³nMayor El jugador Paulo Dybala tambiÃ©n serÃ¡ desafectado de la convocatoria mundialista por lesiÃ³n. 

El reemplazante serÃ¡ Agustin Yolan, joven promesa de El Porvenir, quien ya se encuentra rumbo a Qatar ğŸ‡¶ğŸ‡¦ https://t.co/LtyZo6e3LO",False,,,
negrabostera_,2332372364,False,shit disturber ğŸ‡¦ğŸ‡·,,es,1593663451280408580,Twitter for Android,['1593663451280408580'],2022-11-18 17:52:30+00:00,"#SelecciÃ³nMayor Â¡Nuevo dÃ­a de labores! âš½ï¸

ğŸ’ª #ContinÃºa la #preparaciÃ³n de @afaArgentina para su primer #compromiso en #Qatar2022 

#TodosJuntos

ğŸ“ https://t.co/33xXvRHek3
https://t.co/gokMx5T03Z",False,,,
Montony_,3343355925,False,Frases de Carlos Maslaton,"Tendencias, Argentina",es,1593661372604243968,Twitter Web App,['1593661372604243968'],2022-11-18 17:44:14+00:00,"#SelecciÃ³nMayor Â¡Nuevo dÃ­a de labores! âš½ï¸

ğŸ’ª ContinÃºa la preparaciÃ³n de @Argentina para su primer compromiso en #Qatar2022 

#TodosJuntos

ğŸ“ https://t.co/3QMSWHFuHq https://t.co/fEe4NSRMeY",False,,,
nahuutwm,1306604335070052352,False,Nahu,"Buenos Aires, Argentina",es,1593655032381153287,Twitter for Android,['1593655032381153287'],2022-11-18 17:19:03+00:00,"#SelecciÃ³nMayor El jugador Cuba Cocucha Beguiristain tambiÃ©n serÃ¡ desafectado de la convocatoria mundialista por lesiÃ³n. 

El reemplazante serÃ¡ informado en las prÃ³ximas horas. https://t.co/JQEbMw2f6s",False,,,
nicolas63924807,962510547227996160,False,nicolas juarezLR-2 oficial ğŸ—£ï¸ğŸ™ï¸,"La Rioja, Argentina",es,1593633849455656960,Twitter for Android,['1593633849455656960'],2022-11-18 15:54:52+00:00,"#SelecciÃ³nMayor El jugador Ãngel Di MarÃ­a tambiÃ©n serÃ¡ desafectado de la convocatoria mundialista por una lesiÃ³n muscular en el bÃ­ceps femoral izquierdo.

El reemplazante serÃ¡ informado en las prÃ³ximas horas. https://t.co/18kqlMxjpQ",False,,,
Argentina,2495199115,True,SelecciÃ³n Argentina ğŸ‡¦ğŸ‡·,Argentina,es,1593632336448454659,Twitter for Android,['1593632336448454659'],2022-11-18 15:48:51+00:00,"#SelecciÃ³nMayor El jugador Paulo Dybala tambiÃ©n serÃ¡ desafectado de la convocatoria mundialista por lesiÃ³n. 

El reemplazante serÃ¡ Agustin Yolan, joven promesa de El Porvenir, quien ya se encuentra rumbo a Qatar ğŸ‡¶ğŸ‡¦ https://t.co/LtyZo6e3LO",False,,,
negrabostera_,2332372364,False,shit disturber ğŸ‡¦ğŸ‡·,,es,1593663451280408580,Twitter for Android,['1593663451280408580'],2022-11-18 17:52:30+00:00,"#SelecciÃ³nMayor Â¡Nuevo dÃ­a de labores! âš½ï¸

ğŸ’ª #ContinÃºa la #preparaciÃ³n de @afaArgentina para su primer #compromiso en #Qatar2022 

#TodosJuntos

ğŸ“ https://t.co/33xXvRHek3
https://t.co/gokMx5T03Z",False,,,
Montony_,3343355925,False,Frases de Carlos Maslaton,"Tendencias, Argentina",es,1593661372604243968,Twitter Web App,['1593661372604243968'],2022-11-18 17:44:14+00:00,"#SelecciÃ³nMayor Â¡Nuevo dÃ­a de labores! âš½ï¸

ğŸ’ª ContinÃºa la preparaciÃ³n de @Argentina para su primer compromiso en #Qatar2022 

#TodosJuntos

ğŸ“ https://t.co/3QMSWHFuHq https://t.co/fEe4NSRMeY",False,,,
nahuutwm,1306604335070052352,False,Nahu,"Buenos Aires, Argentina",es,1593655032381153287,Twitter for Android,['1593655032381153287'],2022-11-18 17:19:03+00:00,"#SelecciÃ³nMayor El jugador Cuba Cocucha Beguiristain tambiÃ©n serÃ¡ desafectado de la convocatoria mundialista por lesiÃ³n. 

El reemplazante serÃ¡ informado en las prÃ³ximas horas. https://t.co/JQEbMw2f6s",False,,,
nicolas63924807,962510547227996160,False,nicolas juarezLR-2 oficial ğŸ—£ï¸ğŸ™ï¸,"La Rioja, Argentina",es,1593633849455656960,Twitter for Android,['1593633849455656960'],2022-11-18 15:54:52+00:00,"#SelecciÃ³nMayor El jugador Ãngel Di MarÃ­a tambiÃ©n serÃ¡ desafectado de la convocatoria mundialista por una lesiÃ³n muscular en el bÃ­ceps femoral izquierdo.

El reemplazante serÃ¡ informado en las prÃ³ximas horas. https://t.co/18kqlMxjpQ",False,,,
Argentina,2495199115,True,SelecciÃ³n Argentina ğŸ‡¦ğŸ‡·,Argentina,es,1593632336448454659,Twitter for Android,['1593632336448454659'],2022-11-18 15:48:51+00:00,"#SelecciÃ³nMayor El jugador Paulo Dybala tambiÃ©n serÃ¡ desafectado de la convocatoria mundialista por lesiÃ³n. 

El reemplazante serÃ¡ Agustin Yolan, joven promesa de El Porvenir, quien ya se encuentra rumbo a Qatar ğŸ‡¶ğŸ‡¦ https://t.co/LtyZo6e3LO",False,,,
negrabostera_,2332372364,False,shit disturber ğŸ‡¦ğŸ‡·,,es,1593663451280408580,Twitter for Android,['1593663451280408580'],2022-11-18 17:52:30+00:00,"#SelecciÃ³nMayor Â¡Nuevo dÃ­a de labores! âš½ï¸

ğŸ’ª #ContinÃºa la #preparaciÃ³n de @afaArgentina para su primer #compromiso en #Qatar2022 

#TodosJuntos

ğŸ“ https://t.co/33xXvRHek3
https://t.co/gokMx5T03Z",False,,,
Montony_,3343355925,False,Frases de Carlos Maslaton,"Tendencias, Argentina",es,1593661372604243968,Twitter Web App,['1593661372604243968'],2022-11-18 17:44:14+00:00,"#SelecciÃ³nMayor Â¡Nuevo dÃ­a de labores! âš½ï¸

ğŸ’ª ContinÃºa la preparaciÃ³n de @Argentina para su primer compromiso en #Qatar2022 

#TodosJuntos

ğŸ“ https://t.co/3QMSWHFuHq https://t.co/fEe4NSRMeY",False,,,
nahuutwm,1306604335070052352,False,Nahu,"Buenos Aires, Argentina",es,1593655032381153287,Twitter for Android,['1593655032381153287'],2022-11-18 17:19:03+00:00,"#SelecciÃ³nMayor El jugador Cuba Cocucha Beguiristain tambiÃ©n serÃ¡ desafectado de la convocatoria mundialista por lesiÃ³n. 

El reemplazante serÃ¡ informado en las prÃ³ximas horas. https://t.co/JQEbMw2f6s",False,,,
nicolas63924807,962510547227996160,False,nicolas juarezLR-2 oficial ğŸ—£ï¸ğŸ™ï¸,"La Rioja, Argentina",es,1593633849455656960,Twitter for Android,['1593633849455656960'],2022-11-18 15:54:52+00:00,"#SelecciÃ³nMayor El jugador Ãngel Di MarÃ­a tambiÃ©n serÃ¡ desafectado de la convocatoria mundialista por una lesiÃ³n muscular en el bÃ­ceps femoral izquierdo.

El reemplazante serÃ¡ informado en las prÃ³ximas horas. https://t.co/18kqlMxjpQ",False,,,
Argentina,2495199115,True,SelecciÃ³n Argentina ğŸ‡¦ğŸ‡·,Argentina,es,1593632336448454659,Twitter for Android,['1593632336448454659'],2022-11-18 15:48:51+00:00,"#SelecciÃ³nMayor El jugador Paulo Dybala tambiÃ©n serÃ¡ desafectado de la convocatoria mundialista por lesiÃ³n. 

El reemplazante serÃ¡ Agustin Yolan, joven promesa de El Porvenir, quien ya se encuentra rumbo a Qatar ğŸ‡¶ğŸ‡¦ https://t.co/LtyZo6e3LO",False,,,
negrabostera_,2332372364,False,shit disturber ğŸ‡¦ğŸ‡·,,es,1593663451280408580,Twitter for Android,['1593663451280408580'],2022-11-18 17:52:30+00:00,"#SelecciÃ³nMayor Â¡Nuevo dÃ­a de labores! âš½ï¸

ğŸ’ª #ContinÃºa la #preparaciÃ³n de @afaArgentina para su primer #compromiso en #Qatar2022 

#TodosJuntos

ğŸ“ https://t.co/33xXvRHek3
https://t.co/gokMx5T03Z",False,,,
Montony_,3343355925,False,Frases de Carlos Maslaton,"Tendencias, Argentina",es,1593661372604243968,Twitter Web App,['1593661372604243968'],2022-11-18 17:44:14+00:00,"#SelecciÃ³nMayor Â¡Nuevo dÃ­a de labores! âš½ï¸

ğŸ’ª ContinÃºa la preparaciÃ³n de @Argentina para su primer compromiso en #Qatar2022 

#TodosJuntos

ğŸ“ https://t.co/3QMSWHFuHq https://t.co/fEe4NSRMeY",False,,,
nahuutwm,1306604335070052352,False,Nahu,"Buenos Aires, Argentina",es,1593655032381153287,Twitter for Android,['1593655032381153287'],2022-11-18 17:19:03+00:00,"#SelecciÃ³nMayor El jugador Cuba Cocucha Beguiristain tambiÃ©n serÃ¡ desafectado de la convocatoria mundialista por lesiÃ³n. 

El reemplazante serÃ¡ informado en las prÃ³ximas horas. https://t.co/JQEbMw2f6s",False,,,
nicolas63924807,962510547227996160,False,nicolas juarezLR-2 oficial ğŸ—£ï¸ğŸ™ï¸,"La Rioja, Argentina",es,1593633849455656960,Twitter for Android,['1593633849455656960'],2022-11-18 15:54:52+00:00,"#SelecciÃ³nMayor El jugador Ãngel Di MarÃ­a tambiÃ©n serÃ¡ desafectado de la convocatoria mundialista por una lesiÃ³n muscular en el bÃ­ceps femoral izquierdo.

El reemplazante serÃ¡ informado en las prÃ³ximas horas. https://t.co/18kqlMxjpQ",False,,,
Argentina,2495199115,True,SelecciÃ³n Argentina ğŸ‡¦ğŸ‡·,Argentina,es,1593632336448454659,Twitter for Android,['1593632336448454659'],2022-11-18 15:48:51+00:00,"#SelecciÃ³nMayor El jugador Paulo Dybala tambiÃ©n serÃ¡ desafectado de la convocatoria mundialista por lesiÃ³n. 

El reemplazante serÃ¡ Agustin Yolan, joven promesa de El Porvenir, quien ya se encuentra rumbo a Qatar ğŸ‡¶ğŸ‡¦ https://t.co/LtyZo6e3LO",False,,,
negrabostera_,2332372364,False,shit disturber ğŸ‡¦ğŸ‡·,,es,1593663451280408580,Twitter for Android,['1593663451280408580'],2022-11-18 17:52:30+00:00,"#SelecciÃ³nMayor Â¡Nuevo dÃ­a de labores! âš½ï¸

ğŸ’ª #ContinÃºa la #preparaciÃ³n de @afaArgentina para su primer #compromiso en #Qatar2022 

#TodosJuntos

ğŸ“ https://t.co/33xXvRHek3
https://t.co/gokMx5T03Z",False,,,
Montony_,3343355925,False,Frases de Carlos Maslaton,"Tendencias, Argentina",es,1593661372604243968,Twitter Web App,['1593661372604243968'],2022-11-18 17:44:14+00:00,"#SelecciÃ³nMayor Â¡Nuevo dÃ­a de labores! âš½ï¸

ğŸ’ª ContinÃºa la preparaciÃ³n de @Argentina para su primer compromiso en #Qatar2022 

#TodosJuntos

ğŸ“ https://t.co/3QMSWHFuHq https://t.co/fEe4NSRMeY",False,,,
nahuutwm,1306604335070052352,False,Nahu,"Buenos Aires, Argentina",es,1593655032381153287,Twitter for Android,['1593655032381153287'],2022-11-18 17:19:03+00:00,"#SelecciÃ³nMayor El jugador Cuba Cocucha Beguiristain tambiÃ©n serÃ¡ desafectado de la convocatoria mundialista por lesiÃ³n. 

El reemplazante serÃ¡ informado en las prÃ³ximas horas. https://t.co/JQEbMw2f6s",False,,,
TiempoDeportiv8,1503481326694850560,False,Tiempo Deportivo,,es,1593633849455656960,Twitter for Android,['1593633849455656960'],2022-11-18 15:54:52+00:00,"#SelecciÃ³nMayor El jugador Ãngel Di MarÃ­a tambiÃ©n serÃ¡ desafectado de la convocatoria mundialista por una lesiÃ³n muscular en el bÃ­ceps femoral izquierdo.

El reemplazante serÃ¡ informado en las prÃ³ximas horas. https://t.co/18kqlMxjpQ",False,,,
TizianoZalazar2,1475125563622834184,False,Tiziano ZalazarğŸ™ï¸,Argentina,es,1593632336448454659,Twitter for Android,['1593632336448454659'],2022-11-18 15:48:51+00:00,"#SelecciÃ³nMayor El jugador Paulo Dybala tambiÃ©n serÃ¡ desafectado de la convocatoria mundialista por lesiÃ³n. 

El reemplazante serÃ¡ Agustin Yolan, joven promesa de El Porvenir, quien ya se encuentra rumbo a Qatar ğŸ‡¶ğŸ‡¦ https://t.co/LtyZo6e3LO",False,,,
Argentina,2495199115,True,SelecciÃ³n Argentina ğŸ‡¦ğŸ‡·,Argentina,es,1593380994458992640,Twitter for Android,['1593380994458992640'],2022-11-17 23:10:07+00:00,"#SelecciÃ³nMayor 

Tras el entrenamiento de hoy, el futbolista JoaquÃ­n Correa sufriÃ³ una lesiÃ³n y quedarÃ¡ desafectado de la nÃ³mina mundialista. En su reemplazo, el CT de @Argentina,  convoca a Rodrigo Garro.

ğŸ“· @CATalleresdecba https://t.co/1VO8KFEVP3",False,,,
TiempoDeportiv8,1503481326694850560,False,Tiempo Deportivo,,es,1593380411345932289,Instagram,['1593380411345932289'],2022-11-17 23:07:48+00:00,"#SelecciÃ³nMayor Parte mÃ©dico de los jugadores NicolÃ¡s GonzÃ¡les y Joaquin Correa

NicolÃ¡s GonzÃ¡lez: lesiÃ³n muscular bÃ­ceps femoral izquierdo.

JoaquÃ­n Correa: tendinitis aquiliana pierna izquierda. en Qatar - Doha https://t.co/FldQUnk7n3",False,,Point,"[51.53272132, 25.2935757]"
futboltime101,1321175260901875720,False,futboltime10,,es,1593379871593480192,Twitter for Android,['1593379871593480192'],2022-11-17 23:05:39+00:00,"#SeleccionMayor

El plantel de @lioscaloni llego a la madrugada a #Qatar descansaron y esta tarde realizaron su primer entrenamiento en los campos de la Universidad de Qatar

ğŸ“· @Argentina https://t.co/IsUmHCCdhG",False,,,
RXFutbol,143103757,False,RX FÃºtbol,Argentina,es,1593378648643567622,TweetDeck,['1593378648643567622'],2022-11-17 23:00:48+00:00,"#SelecciÃ³nMayor Parte mÃ©dico de los jugadores NicolÃ¡s GonzÃ¡lez y JoaquÃ­n Correa.

ğŸ“ https://t.co/z9qMwrf706 https://t.co/d6CbqOYF7q",False,,,
FutbolPro3D,1210030238136225793,False,FutbolPro3D,Argentina,es,1593377964590133248,Twitter for Android,['1593377964590133248'],2022-11-17 22:58:04+00:00,"ğŸš¨ ÃšLTIMO MOMENTO

@Argentina 
#SelecciÃ³nMayor

 El futbolista Thiago Almada se suma a la convocatoria mundialista de #Qatar2022â€¯â€¯â€¯. https://t.co/2SbHRfv90X",False,,,
Argentina,2495199115,True,SelecciÃ³n Argentina ğŸ‡¦ğŸ‡·,Argentina,es,1593377480097906689,Twitter for Android,['1593377480097906689'],2022-11-17 22:56:09+00:00,"CAMBIO EN LA CONVOCATORIA DE ARGENTINA ğŸ‡¦ğŸ‡·
JoaquÃ­n Correa causa baja de la convocatoria por lesiÃ³n. Thiago Almada es el jugador que le sustituye #TodosJuntos #SeleccionMayor #QatarWorldCup2022 #MundialQatar2022 #FIFAWorldCupQatar2022 https://t.co/2xv4GKAH6y",False,replied_to,,
TiempoDeportiv8,1503481326694850560,False,Tiempo Deportivo,,es,1593376832656756736,Twitter Web App,['1593376832656756736'],2022-11-17 22:53:35+00:00,Una diapo para tener la referencia mÃ­nima del primer rival de la #SeleccionMayor Argentina a 5 dÃ­as del #MundialQatar2022 https://t.co/i3AWnzO3t1,False,,,
futboltime101,1321175260901875720,False,futboltime10,,es,1593376717690634240,Twitter for Android,['1593376717690634240'],2022-11-17 22:53:07+00:00,"#SelecciÃ³nMayor

 Tras el entrenamiento de hoy, el futbolista NicolÃ¡s GonzÃ¡lez sufriÃ³ una lesiÃ³n muscular y quedarÃ¡ desafectado de la nÃ³mina mundialista. En su reemplazo, el CT de @Argentina,  convoca a Ãngel Correa.

VÃ­a @Argentina https://t.co/hBWlQlvSQt",False,,,
RXFutbol,143103757,False,RX FÃºtbol,Argentina,es,1593376563424382977,Twitter Web App,['1593376563424382977'],2022-11-17 22:52:30+00:00,Una diapo para tener la referencia mÃ­nima del primer rival de la #SeleccionMayor Argentina a 5 dÃ­as del #MundialQatar2022 https://t.co/1iBzkarp9E,False,,,
FutbolPro3D,1210030238136225793,False,FutbolPro3D,Argentina,es,1593378648643567622,TweetDeck,['1593378648643567622'],2022-11-17 23:00:48+00:00,"#SelecciÃ³nMayor Parte mÃ©dico de los jugadores NicolÃ¡s GonzÃ¡lez y JoaquÃ­n Correa.

ğŸ“ https://t.co/z9qMwrf706 https://t.co/d6CbqOYF7q",False,,,
Argentina,2495199115,True,SelecciÃ³n Argentina ğŸ‡¦ğŸ‡·,Argentina,es,1593377964590133248,Twitter for Android,['1593377964590133248'],2022-11-17 22:58:04+00:00,"ğŸš¨ ÃšLTIMO MOMENTO

@Argentina 
#SelecciÃ³nMayor

 El futbolista Thiago Almada se suma a la convocatoria mundialista de #Qatar2022â€¯â€¯â€¯. https://t.co/2SbHRfv90X",False,,,
TiempoDeportiv8,1503481326694850560,False,Tiempo Deportivo,,es,1593377480097906689,Twitter for Android,['1593377480097906689'],2022-11-17 22:56:09+00:00,"CAMBIO EN LA CONVOCATORIA DE ARGENTINA ğŸ‡¦ğŸ‡·
JoaquÃ­n Correa causa baja de la convocatoria por lesiÃ³n. Thiago Almada es el jugador que le sustituye #TodosJuntos #SeleccionMayor #QatarWorldCup2022 #MundialQatar2022 #FIFAWorldCupQatar2022 https://t.co/2xv4GKAH6y",False,replied_to,,
futboltime101,1321175260901875720,False,futboltime10,,es,1593376832656756736,Twitter Web App,['1593376832656756736'],2022-11-17 22:53:35+00:00,Una diapo para tener la referencia mÃ­nima del primer rival de la #SeleccionMayor Argentina a 5 dÃ­as del #MundialQatar2022 https://t.co/i3AWnzO3t1,False,,,
RXFutbol,143103757,False,RX FÃºtbol,Argentina,es,1593376717690634240,Twitter for Android,['1593376717690634240'],2022-11-17 22:53:07+00:00,"#SelecciÃ³nMayor

 Tras el entrenamiento de hoy, el futbolista NicolÃ¡s GonzÃ¡lez sufriÃ³ una lesiÃ³n muscular y quedarÃ¡ desafectado de la nÃ³mina mundialista. En su reemplazo, el CT de @Argentina,  convoca a Ãngel Correa.

VÃ­a @Argentina https://t.co/hBWlQlvSQt",False,,,
FutbolPro3D,1210030238136225793,False,FutbolPro3D,Argentina,es,1593376563424382977,Twitter Web App,['1593376563424382977'],2022-11-17 22:52:30+00:00,Una diapo para tener la referencia mÃ­nima del primer rival de la #SeleccionMayor Argentina a 5 dÃ­as del #MundialQatar2022 https://t.co/1iBzkarp9E,False,,,
Argentina,2495199115,True,SelecciÃ³n Argentina ğŸ‡¦ğŸ‡·,Argentina,es,1593378648643567622,TweetDeck,['1593378648643567622'],2022-11-17 23:00:48+00:00,"#SelecciÃ³nMayor Parte mÃ©dico de los jugadores NicolÃ¡s GonzÃ¡lez y JoaquÃ­n Correa.

ğŸ“ https://t.co/z9qMwrf706 https://t.co/d6CbqOYF7q",False,,,
TiempoDeportiv8,1503481326694850560,False,Tiempo Deportivo,,es,1593377964590133248,Twitter for Android,['1593377964590133248'],2022-11-17 22:58:04+00:00,"ğŸš¨ ÃšLTIMO MOMENTO

@Argentina 
#SelecciÃ³nMayor

 El futbolista Thiago Almada se suma a la convocatoria mundialista de #Qatar2022â€¯â€¯â€¯. https://t.co/2SbHRfv90X",False,,,
futboltime101,1321175260901875720,False,futboltime10,,es,1593377480097906689,Twitter for Android,['1593377480097906689'],2022-11-17 22:56:09+00:00,"CAMBIO EN LA CONVOCATORIA DE ARGENTINA ğŸ‡¦ğŸ‡·
JoaquÃ­n Correa causa baja de la convocatoria por lesiÃ³n. Thiago Almada es el jugador que le sustituye #TodosJuntos #SeleccionMayor #QatarWorldCup2022 #MundialQatar2022 #FIFAWorldCupQatar2022 https://t.co/2xv4GKAH6y",False,replied_to,,
RXFutbol,143103757,False,RX FÃºtbol,Argentina,es,1593376832656756736,Twitter Web App,['1593376832656756736'],2022-11-17 22:53:35+00:00,Una diapo para tener la referencia mÃ­nima del primer rival de la #SeleccionMayor Argentina a 5 dÃ­as del #MundialQatar2022 https://t.co/i3AWnzO3t1,False,,,
FutbolPro3D,1210030238136225793,False,FutbolPro3D,Argentina,es,1593376717690634240,Twitter for Android,['1593376717690634240'],2022-11-17 22:53:07+00:00,"#SelecciÃ³nMayor

 Tras el entrenamiento de hoy, el futbolista NicolÃ¡s GonzÃ¡lez sufriÃ³ una lesiÃ³n muscular y quedarÃ¡ desafectado de la nÃ³mina mundialista. En su reemplazo, el CT de @Argentina,  convoca a Ãngel Correa.

VÃ­a @Argentina https://t.co/hBWlQlvSQt",False,,,
Argentina,2495199115,True,SelecciÃ³n Argentina ğŸ‡¦ğŸ‡·,Argentina,es,1593376563424382977,Twitter Web App,['1593376563424382977'],2022-11-17 22:52:30+00:00,Una diapo para tener la referencia mÃ­nima del primer rival de la #SeleccionMayor Argentina a 5 dÃ­as del #MundialQatar2022 https://t.co/1iBzkarp9E,False,,,
TiempoDeportiv8,1503481326694850560,False,Tiempo Deportivo,,es,1593378648643567622,TweetDeck,['1593378648643567622'],2022-11-17 23:00:48+00:00,"#SelecciÃ³nMayor Parte mÃ©dico de los jugadores NicolÃ¡s GonzÃ¡lez y JoaquÃ­n Correa.

ğŸ“ https://t.co/z9qMwrf706 https://t.co/d6CbqOYF7q",False,,,
futboltime101,1321175260901875720,False,futboltime10,,es,1593377964590133248,Twitter for Android,['1593377964590133248'],2022-11-17 22:58:04+00:00,"ğŸš¨ ÃšLTIMO MOMENTO

@Argentina 
#SelecciÃ³nMayor

 El futbolista Thiago Almada se suma a la convocatoria mundialista de #Qatar2022â€¯â€¯â€¯. https://t.co/2SbHRfv90X",False,,,
RXFutbol,143103757,False,RX FÃºtbol,Argentina,es,1593377480097906689,Twitter for Android,['1593377480097906689'],2022-11-17 22:56:09+00:00,"CAMBIO EN LA CONVOCATORIA DE ARGENTINA ğŸ‡¦ğŸ‡·
JoaquÃ­n Correa causa baja de la convocatoria por lesiÃ³n. Thiago Almada es el jugador que le sustituye #TodosJuntos #SeleccionMayor #QatarWorldCup2022 #MundialQatar2022 #FIFAWorldCupQatar2022 https://t.co/2xv4GKAH6y",False,replied_to,,
FutbolPro3D,1210030238136225793,False,FutbolPro3D,Argentina,es,1593376832656756736,Twitter Web App,['1593376832656756736'],2022-11-17 22:53:35+00:00,Una diapo para tener la referencia mÃ­nima del primer rival de la #SeleccionMayor Argentina a 5 dÃ­as del #MundialQatar2022 https://t.co/i3AWnzO3t1,False,,,
Argentina,2495199115,True,SelecciÃ³n Argentina ğŸ‡¦ğŸ‡·,Argentina,es,1593376717690634240,Twitter for Android,['1593376717690634240'],2022-11-17 22:53:07+00:00,"#SelecciÃ³nMayor

 Tras el entrenamiento de hoy, el futbolista NicolÃ¡s GonzÃ¡lez sufriÃ³ una lesiÃ³n muscular y quedarÃ¡ desafectado de la nÃ³mina mundialista. En su reemplazo, el CT de @Argentina,  convoca a Ãngel Correa.

VÃ­a @Argentina https://t.co/hBWlQlvSQt",False,,,
TiempoDeportiv8,1503481326694850560,False,Tiempo Deportivo,,es,1593376563424382977,Twitter Web App,['1593376563424382977'],2022-11-17 22:52:30+00:00,Una diapo para tener la referencia mÃ­nima del primer rival de la #SeleccionMayor Argentina a 5 dÃ­as del #MundialQatar2022 https://t.co/1iBzkarp9E,False,,,
futboltime101,1321175260901875720,False,futboltime10,,es,1593378648643567622,TweetDeck,['1593378648643567622'],2022-11-17 23:00:48+00:00,"#SelecciÃ³nMayor Parte mÃ©dico de los jugadores NicolÃ¡s GonzÃ¡lez y JoaquÃ­n Correa.

ğŸ“ https://t.co/z9qMwrf706 https://t.co/d6CbqOYF7q",False,,,
RXFutbol,143103757,False,RX FÃºtbol,Argentina,es,1593377964590133248,Twitter for Android,['1593377964590133248'],2022-11-17 22:58:04+00:00,"ğŸš¨ ÃšLTIMO MOMENTO

@Argentina 
#SelecciÃ³nMayor

 El futbolista Thiago Almada se suma a la convocatoria mundialista de #Qatar2022â€¯â€¯â€¯. https://t.co/2SbHRfv90X",False,,,
FutbolPro3D,1210030238136225793,False,FutbolPro3D,Argentina,es,1593377480097906689,Twitter for Android,['1593377480097906689'],2022-11-17 22:56:09+00:00,"CAMBIO EN LA CONVOCATORIA DE ARGENTINA ğŸ‡¦ğŸ‡·
JoaquÃ­n Correa causa baja de la convocatoria por lesiÃ³n. Thiago Almada es el jugador que le sustituye #TodosJuntos #SeleccionMayor #QatarWorldCup2022 #MundialQatar2022 #FIFAWorldCupQatar2022 https://t.co/2xv4GKAH6y",False,replied_to,,
Argentina,2495199115,True,SelecciÃ³n Argentina ğŸ‡¦ğŸ‡·,Argentina,es,1593376832656756736,Twitter Web App,['1593376832656756736'],2022-11-17 22:53:35+00:00,Una diapo para tener la referencia mÃ­nima del primer rival de la #SeleccionMayor Argentina a 5 dÃ­as del #MundialQatar2022 https://t.co/i3AWnzO3t1,False,,,
TiempoDeportiv8,1503481326694850560,False,Tiempo Deportivo,,es,1593376717690634240,Twitter for Android,['1593376717690634240'],2022-11-17 22:53:07+00:00,"#SelecciÃ³nMayor

 Tras el entrenamiento de hoy, el futbolista NicolÃ¡s GonzÃ¡lez sufriÃ³ una lesiÃ³n muscular y quedarÃ¡ desafectado de la nÃ³mina mundialista. En su reemplazo, el CT de @Argentina,  convoca a Ãngel Correa.

VÃ­a @Argentina https://t.co/hBWlQlvSQt",False,,,
futboltime101,1321175260901875720,False,futboltime10,,es,1593376563424382977,Twitter Web App,['1593376563424382977'],2022-11-17 22:52:30+00:00,Una diapo para tener la referencia mÃ­nima del primer rival de la #SeleccionMayor Argentina a 5 dÃ­as del #MundialQatar2022 https://t.co/1iBzkarp9E,False,,,
RXFutbol,143103757,False,RX FÃºtbol,Argentina,es,1593378648643567622,TweetDeck,['1593378648643567622'],2022-11-17 23:00:48+00:00,"#SelecciÃ³nMayor Parte mÃ©dico de los jugadores NicolÃ¡s GonzÃ¡lez y JoaquÃ­n Correa.

ğŸ“ https://t.co/z9qMwrf706 https://t.co/d6CbqOYF7q",False,,,
FutbolPro3D,1210030238136225793,False,FutbolPro3D,Argentina,es,1593377964590133248,Twitter for Android,['1593377964590133248'],2022-11-17 22:58:04+00:00,"ğŸš¨ ÃšLTIMO MOMENTO

@Argentina 
#SelecciÃ³nMayor

 El futbolista Thiago Almada se suma a la convocatoria mundialista de #Qatar2022â€¯â€¯â€¯. https://t.co/2SbHRfv90X",False,,,
Argentina,2495199115,True,SelecciÃ³n Argentina ğŸ‡¦ğŸ‡·,Argentina,es,1593377480097906689,Twitter for Android,['1593377480097906689'],2022-11-17 22:56:09+00:00,"CAMBIO EN LA CONVOCATORIA DE ARGENTINA ğŸ‡¦ğŸ‡·
JoaquÃ­n Correa causa baja de la convocatoria por lesiÃ³n. Thiago Almada es el jugador que le sustituye #TodosJuntos #SeleccionMayor #QatarWorldCup2022 #MundialQatar2022 #FIFAWorldCupQatar2022 https://t.co/2xv4GKAH6y",False,replied_to,,
TiempoDeportiv8,1503481326694850560,False,Tiempo Deportivo,,es,1593376832656756736,Twitter Web App,['1593376832656756736'],2022-11-17 22:53:35+00:00,Una diapo para tener la referencia mÃ­nima del primer rival de la #SeleccionMayor Argentina a 5 dÃ­as del #MundialQatar2022 https://t.co/i3AWnzO3t1,False,,,
futboltime101,1321175260901875720,False,futboltime10,,es,1593376717690634240,Twitter for Android,['1593376717690634240'],2022-11-17 22:53:07+00:00,"#SelecciÃ³nMayor

 Tras el entrenamiento de hoy, el futbolista NicolÃ¡s GonzÃ¡lez sufriÃ³ una lesiÃ³n muscular y quedarÃ¡ desafectado de la nÃ³mina mundialista. En su reemplazo, el CT de @Argentina,  convoca a Ãngel Correa.

VÃ­a @Argentina https://t.co/hBWlQlvSQt",False,,,
RXFutbol,143103757,False,RX FÃºtbol,Argentina,es,1593376563424382977,Twitter Web App,['1593376563424382977'],2022-11-17 22:52:30+00:00,Una diapo para tener la referencia mÃ­nima del primer rival de la #SeleccionMayor Argentina a 5 dÃ­as del #MundialQatar2022 https://t.co/1iBzkarp9E,False,,,
FutbolPro3D,1210030238136225793,False,FutbolPro3D,Argentina,es,1593378648643567622,TweetDeck,['1593378648643567622'],2022-11-17 23:00:48+00:00,"#SelecciÃ³nMayor Parte mÃ©dico de los jugadores NicolÃ¡s GonzÃ¡lez y JoaquÃ­n Correa.

ğŸ“ https://t.co/z9qMwrf706 https://t.co/d6CbqOYF7q",False,,,
Argentina,2495199115,True,SelecciÃ³n Argentina ğŸ‡¦ğŸ‡·,Argentina,es,1593377964590133248,Twitter for Android,['1593377964590133248'],2022-11-17 22:58:04+00:00,"ğŸš¨ ÃšLTIMO MOMENTO

@Argentina 
#SelecciÃ³nMayor

 El futbolista Thiago Almada se suma a la convocatoria mundialista de #Qatar2022â€¯â€¯â€¯. https://t.co/2SbHRfv90X",False,,,
TiempoDeportiv8,1503481326694850560,False,Tiempo Deportivo,,es,1593377480097906689,Twitter for Android,['1593377480097906689'],2022-11-17 22:56:09+00:00,"CAMBIO EN LA CONVOCATORIA DE ARGENTINA ğŸ‡¦ğŸ‡·
JoaquÃ­n Correa causa baja de la convocatoria por lesiÃ³n. Thiago Almada es el jugador que le sustituye #TodosJuntos #SeleccionMayor #QatarWorldCup2022 #MundialQatar2022 #FIFAWorldCupQatar2022 https://t.co/2xv4GKAH6y",False,replied_to,,
futboltime101,1321175260901875720,False,futboltime10,,es,1593376832656756736,Twitter Web App,['1593376832656756736'],2022-11-17 22:53:35+00:00,Una diapo para tener la referencia mÃ­nima del primer rival de la #SeleccionMayor Argentina a 5 dÃ­as del #MundialQatar2022 https://t.co/i3AWnzO3t1,False,,,
RXFutbol,143103757,False,RX FÃºtbol,Argentina,es,1593376717690634240,Twitter for Android,['1593376717690634240'],2022-11-17 22:53:07+00:00,"#SelecciÃ³nMayor

 Tras el entrenamiento de hoy, el futbolista NicolÃ¡s GonzÃ¡lez sufriÃ³ una lesiÃ³n muscular y quedarÃ¡ desafectado de la nÃ³mina mundialista. En su reemplazo, el CT de @Argentina,  convoca a Ãngel Correa.

VÃ­a @Argentina https://t.co/hBWlQlvSQt",False,,,
FutbolPro3D,1210030238136225793,False,FutbolPro3D,Argentina,es,1593376563424382977,Twitter Web App,['1593376563424382977'],2022-11-17 22:52:30+00:00,Una diapo para tener la referencia mÃ­nima del primer rival de la #SeleccionMayor Argentina a 5 dÃ­as del #MundialQatar2022 https://t.co/1iBzkarp9E,False,,,
Argentina,2495199115,True,SelecciÃ³n Argentina ğŸ‡¦ğŸ‡·,Argentina,es,1593378648643567622,TweetDeck,['1593378648643567622'],2022-11-17 23:00:48+00:00,"#SelecciÃ³nMayor Parte mÃ©dico de los jugadores NicolÃ¡s GonzÃ¡lez y JoaquÃ­n Correa.

ğŸ“ https://t.co/z9qMwrf706 https://t.co/d6CbqOYF7q",False,,,
TiempoDeportiv8,1503481326694850560,False,Tiempo Deportivo,,es,1593377964590133248,Twitter for Android,['1593377964590133248'],2022-11-17 22:58:04+00:00,"ğŸš¨ ÃšLTIMO MOMENTO

@Argentina 
#SelecciÃ³nMayor

 El futbolista Thiago Almada se suma a la convocatoria mundialista de #Qatar2022â€¯â€¯â€¯. https://t.co/2SbHRfv90X",False,,,
futboltime101,1321175260901875720,False,futboltime10,,es,1593377480097906689,Twitter for Android,['1593377480097906689'],2022-11-17 22:56:09+00:00,"CAMBIO EN LA CONVOCATORIA DE ARGENTINA ğŸ‡¦ğŸ‡·
JoaquÃ­n Correa causa baja de la convocatoria por lesiÃ³n. Thiago Almada es el jugador que le sustituye #TodosJuntos #SeleccionMayor #QatarWorldCup2022 #MundialQatar2022 #FIFAWorldCupQatar2022 https://t.co/2xv4GKAH6y",False,replied_to,,
RXFutbol,143103757,False,RX FÃºtbol,Argentina,es,1593376832656756736,Twitter Web App,['1593376832656756736'],2022-11-17 22:53:35+00:00,Una diapo para tener la referencia mÃ­nima del primer rival de la #SeleccionMayor Argentina a 5 dÃ­as del #MundialQatar2022 https://t.co/i3AWnzO3t1,False,,,
FutbolPro3D,1210030238136225793,False,FutbolPro3D,Argentina,es,1593376717690634240,Twitter for Android,['1593376717690634240'],2022-11-17 22:53:07+00:00,"#SelecciÃ³nMayor

 Tras el entrenamiento de hoy, el futbolista NicolÃ¡s GonzÃ¡lez sufriÃ³ una lesiÃ³n muscular y quedarÃ¡ desafectado de la nÃ³mina mundialista. En su reemplazo, el CT de @Argentina,  convoca a Ãngel Correa.

VÃ­a @Argentina https://t.co/hBWlQlvSQt",False,,,
Argentina,2495199115,True,SelecciÃ³n Argentina ğŸ‡¦ğŸ‡·,Argentina,es,1593376563424382977,Twitter Web App,['1593376563424382977'],2022-11-17 22:52:30+00:00,Una diapo para tener la referencia mÃ­nima del primer rival de la #SeleccionMayor Argentina a 5 dÃ­as del #MundialQatar2022 https://t.co/1iBzkarp9E,False,,,
TiempoDeportiv8,1503481326694850560,False,Tiempo Deportivo,,es,1593378648643567622,TweetDeck,['1593378648643567622'],2022-11-17 23:00:48+00:00,"#SelecciÃ³nMayor Parte mÃ©dico de los jugadores NicolÃ¡s GonzÃ¡lez y JoaquÃ­n Correa.

ğŸ“ https://t.co/z9qMwrf706 https://t.co/d6CbqOYF7q",False,,,
futboltime101,1321175260901875720,False,futboltime10,,es,1593377964590133248,Twitter for Android,['1593377964590133248'],2022-11-17 22:58:04+00:00,"ğŸš¨ ÃšLTIMO MOMENTO

@Argentina 
#SelecciÃ³nMayor

 El futbolista Thiago Almada se suma a la convocatoria mundialista de #Qatar2022â€¯â€¯â€¯. https://t.co/2SbHRfv90X",False,,,
RXFutbol,143103757,False,RX FÃºtbol,Argentina,es,1593377480097906689,Twitter for Android,['1593377480097906689'],2022-11-17 22:56:09+00:00,"CAMBIO EN LA CONVOCATORIA DE ARGENTINA ğŸ‡¦ğŸ‡·
JoaquÃ­n Correa causa baja de la convocatoria por lesiÃ³n. Thiago Almada es el jugador que le sustituye #TodosJuntos #SeleccionMayor #QatarWorldCup2022 #MundialQatar2022 #FIFAWorldCupQatar2022 https://t.co/2xv4GKAH6y",False,replied_to,,
FutbolPro3D,1210030238136225793,False,FutbolPro3D,Argentina,es,1593376832656756736,Twitter Web App,['1593376832656756736'],2022-11-17 22:53:35+00:00,Una diapo para tener la referencia mÃ­nima del primer rival de la #SeleccionMayor Argentina a 5 dÃ­as del #MundialQatar2022 https://t.co/i3AWnzO3t1,False,,,
Argentina,2495199115,True,SelecciÃ³n Argentina ğŸ‡¦ğŸ‡·,Argentina,es,1593376717690634240,Twitter for Android,['1593376717690634240'],2022-11-17 22:53:07+00:00,"#SelecciÃ³nMayor

 Tras el entrenamiento de hoy, el futbolista NicolÃ¡s GonzÃ¡lez sufriÃ³ una lesiÃ³n muscular y quedarÃ¡ desafectado de la nÃ³mina mundialista. En su reemplazo, el CT de @Argentina,  convoca a Ãngel Correa.

VÃ­a @Argentina https://t.co/hBWlQlvSQt",False,,,
TiempoDeportiv8,1503481326694850560,False,Tiempo Deportivo,,es,1593376563424382977,Twitter Web App,['1593376563424382977'],2022-11-17 22:52:30+00:00,Una diapo para tener la referencia mÃ­nima del primer rival de la #SeleccionMayor Argentina a 5 dÃ­as del #MundialQatar2022 https://t.co/1iBzkarp9E,False,,,
futboltime101,1321175260901875720,False,futboltime10,,es,1593378648643567622,TweetDeck,['1593378648643567622'],2022-11-17 23:00:48+00:00,"#SelecciÃ³nMayor Parte mÃ©dico de los jugadores NicolÃ¡s GonzÃ¡lez y JoaquÃ­n Correa.

ğŸ“ https://t.co/z9qMwrf706 https://t.co/d6CbqOYF7q",False,,,
RXFutbol,143103757,False,RX FÃºtbol,Argentina,es,1593377964590133248,Twitter for Android,['1593377964590133248'],2022-11-17 22:58:04+00:00,"ğŸš¨ ÃšLTIMO MOMENTO

@Argentina 
#SelecciÃ³nMayor

 El futbolista Thiago Almada se suma a la convocatoria mundialista de #Qatar2022â€¯â€¯â€¯. https://t.co/2SbHRfv90X",False,,,
FutbolPro3D,1210030238136225793,False,FutbolPro3D,Argentina,es,1593377480097906689,Twitter for Android,['1593377480097906689'],2022-11-17 22:56:09+00:00,"CAMBIO EN LA CONVOCATORIA DE ARGENTINA ğŸ‡¦ğŸ‡·
JoaquÃ­n Correa causa baja de la convocatoria por lesiÃ³n. Thiago Almada es el jugador que le sustituye #TodosJuntos #SeleccionMayor #QatarWorldCup2022 #MundialQatar2022 #FIFAWorldCupQatar2022 https://t.co/2xv4GKAH6y",False,replied_to,,
Argentina,2495199115,True,SelecciÃ³n Argentina ğŸ‡¦ğŸ‡·,Argentina,es,1593376832656756736,Twitter Web App,['1593376832656756736'],2022-11-17 22:53:35+00:00,Una diapo para tener la referencia mÃ­nima del primer rival de la #SeleccionMayor Argentina a 5 dÃ­as del #MundialQatar2022 https://t.co/i3AWnzO3t1,False,,,
TiempoDeportiv8,1503481326694850560,False,Tiempo Deportivo,,es,1593376717690634240,Twitter for Android,['1593376717690634240'],2022-11-17 22:53:07+00:00,"#SelecciÃ³nMayor

 Tras el entrenamiento de hoy, el futbolista NicolÃ¡s GonzÃ¡lez sufriÃ³ una lesiÃ³n muscular y quedarÃ¡ desafectado de la nÃ³mina mundialista. En su reemplazo, el CT de @Argentina,  convoca a Ãngel Correa.

VÃ­a @Argentina https://t.co/hBWlQlvSQt",False,,,
futboltime101,1321175260901875720,False,futboltime10,,es,1593376563424382977,Twitter Web App,['1593376563424382977'],2022-11-17 22:52:30+00:00,Una diapo para tener la referencia mÃ­nima del primer rival de la #SeleccionMayor Argentina a 5 dÃ­as del #MundialQatar2022 https://t.co/1iBzkarp9E,False,,,
RXFutbol,143103757,False,RX FÃºtbol,Argentina,es,1593378648643567622,TweetDeck,['1593378648643567622'],2022-11-17 23:00:48+00:00,"#SelecciÃ³nMayor Parte mÃ©dico de los jugadores NicolÃ¡s GonzÃ¡lez y JoaquÃ­n Correa.

ğŸ“ https://t.co/z9qMwrf706 https://t.co/d6CbqOYF7q",False,,,
FutbolPro3D,1210030238136225793,False,FutbolPro3D,Argentina,es,1593377964590133248,Twitter for Android,['1593377964590133248'],2022-11-17 22:58:04+00:00,"ğŸš¨ ÃšLTIMO MOMENTO

@Argentina 
#SelecciÃ³nMayor

 El futbolista Thiago Almada se suma a la convocatoria mundialista de #Qatar2022â€¯â€¯â€¯. https://t.co/2SbHRfv90X",False,,,
Argentina,2495199115,True,SelecciÃ³n Argentina ğŸ‡¦ğŸ‡·,Argentina,es,1593377480097906689,Twitter for Android,['1593377480097906689'],2022-11-17 22:56:09+00:00,"CAMBIO EN LA CONVOCATORIA DE ARGENTINA ğŸ‡¦ğŸ‡·
JoaquÃ­n Correa causa baja de la convocatoria por lesiÃ³n. Thiago Almada es el jugador que le sustituye #TodosJuntos #SeleccionMayor #QatarWorldCup2022 #MundialQatar2022 #FIFAWorldCupQatar2022 https://t.co/2xv4GKAH6y",False,replied_to,,
TiempoDeportiv8,1503481326694850560,False,Tiempo Deportivo,,es,1593376832656756736,Twitter Web App,['1593376832656756736'],2022-11-17 22:53:35+00:00,Una diapo para tener la referencia mÃ­nima del primer rival de la #SeleccionMayor Argentina a 5 dÃ­as del #MundialQatar2022 https://t.co/i3AWnzO3t1,False,,,
futboltime101,1321175260901875720,False,futboltime10,,es,1593376717690634240,Twitter for Android,['1593376717690634240'],2022-11-17 22:53:07+00:00,"#SelecciÃ³nMayor

 Tras el entrenamiento de hoy, el futbolista NicolÃ¡s GonzÃ¡lez sufriÃ³ una lesiÃ³n muscular y quedarÃ¡ desafectado de la nÃ³mina mundialista. En su reemplazo, el CT de @Argentina,  convoca a Ãngel Correa.

VÃ­a @Argentina https://t.co/hBWlQlvSQt",False,,,
RXFutbol,143103757,False,RX FÃºtbol,Argentina,es,1593376563424382977,Twitter Web App,['1593376563424382977'],2022-11-17 22:52:30+00:00,Una diapo para tener la referencia mÃ­nima del primer rival de la #SeleccionMayor Argentina a 5 dÃ­as del #MundialQatar2022 https://t.co/1iBzkarp9E,False,,,
FutbolPro3D,1210030238136225793,False,FutbolPro3D,Argentina,es,1593378648643567622,TweetDeck,['1593378648643567622'],2022-11-17 23:00:48+00:00,"#SelecciÃ³nMayor Parte mÃ©dico de los jugadores NicolÃ¡s GonzÃ¡lez y JoaquÃ­n Correa.

ğŸ“ https://t.co/z9qMwrf706 https://t.co/d6CbqOYF7q",False,,,
Argentina,2495199115,True,SelecciÃ³n Argentina ğŸ‡¦ğŸ‡·,Argentina,es,1593377964590133248,Twitter for Android,['1593377964590133248'],2022-11-17 22:58:04+00:00,"ğŸš¨ ÃšLTIMO MOMENTO

@Argentina 
#SelecciÃ³nMayor

 El futbolista Thiago Almada se suma a la convocatoria mundialista de #Qatar2022â€¯â€¯â€¯. https://t.co/2SbHRfv90X",False,,,
TiempoDeportiv8,1503481326694850560,False,Tiempo Deportivo,,es,1593377480097906689,Twitter for Android,['1593377480097906689'],2022-11-17 22:56:09+00:00,"CAMBIO EN LA CONVOCATORIA DE ARGENTINA ğŸ‡¦ğŸ‡·
JoaquÃ­n Correa causa baja de la convocatoria por lesiÃ³n. Thiago Almada es el jugador que le sustituye #TodosJuntos #SeleccionMayor #QatarWorldCup2022 #MundialQatar2022 #FIFAWorldCupQatar2022 https://t.co/2xv4GKAH6y",False,replied_to,,
futboltime101,1321175260901875720,False,futboltime10,,es,1593376832656756736,Twitter Web App,['1593376832656756736'],2022-11-17 22:53:35+00:00,Una diapo para tener la referencia mÃ­nima del primer rival de la #SeleccionMayor Argentina a 5 dÃ­as del #MundialQatar2022 https://t.co/i3AWnzO3t1,False,,,
RXFutbol,143103757,False,RX FÃºtbol,Argentina,es,1593376717690634240,Twitter for Android,['1593376717690634240'],2022-11-17 22:53:07+00:00,"#SelecciÃ³nMayor

 Tras el entrenamiento de hoy, el futbolista NicolÃ¡s GonzÃ¡lez sufriÃ³ una lesiÃ³n muscular y quedarÃ¡ desafectado de la nÃ³mina mundialista. En su reemplazo, el CT de @Argentina,  convoca a Ãngel Correa.

VÃ­a @Argentina https://t.co/hBWlQlvSQt",False,,,
FutbolPro3D,1210030238136225793,False,FutbolPro3D,Argentina,es,1593376563424382977,Twitter Web App,['1593376563424382977'],2022-11-17 22:52:30+00:00,Una diapo para tener la referencia mÃ­nima del primer rival de la #SeleccionMayor Argentina a 5 dÃ­as del #MundialQatar2022 https://t.co/1iBzkarp9E,False,,,
Argentina,2495199115,True,SelecciÃ³n Argentina ğŸ‡¦ğŸ‡·,Argentina,es,1593378648643567622,TweetDeck,['1593378648643567622'],2022-11-17 23:00:48+00:00,"#SelecciÃ³nMayor Parte mÃ©dico de los jugadores NicolÃ¡s GonzÃ¡lez y JoaquÃ­n Correa.

ğŸ“ https://t.co/z9qMwrf706 https://t.co/d6CbqOYF7q",False,,,
TiempoDeportiv8,1503481326694850560,False,Tiempo Deportivo,,es,1593377964590133248,Twitter for Android,['1593377964590133248'],2022-11-17 22:58:04+00:00,"ğŸš¨ ÃšLTIMO MOMENTO

@Argentina 
#SelecciÃ³nMayor

 El futbolista Thiago Almada se suma a la convocatoria mundialista de #Qatar2022â€¯â€¯â€¯. https://t.co/2SbHRfv90X",False,,,
futboltime101,1321175260901875720,False,futboltime10,,es,1593377480097906689,Twitter for Android,['1593377480097906689'],2022-11-17 22:56:09+00:00,"CAMBIO EN LA CONVOCATORIA DE ARGENTINA ğŸ‡¦ğŸ‡·
JoaquÃ­n Correa causa baja de la convocatoria por lesiÃ³n. Thiago Almada es el jugador que le sustituye #TodosJuntos #SeleccionMayor #QatarWorldCup2022 #MundialQatar2022 #FIFAWorldCupQatar2022 https://t.co/2xv4GKAH6y",False,replied_to,,
RXFutbol,143103757,False,RX FÃºtbol,Argentina,es,1593376832656756736,Twitter Web App,['1593376832656756736'],2022-11-17 22:53:35+00:00,Una diapo para tener la referencia mÃ­nima del primer rival de la #SeleccionMayor Argentina a 5 dÃ­as del #MundialQatar2022 https://t.co/i3AWnzO3t1,False,,,
FutbolPro3D,1210030238136225793,False,FutbolPro3D,Argentina,es,1593376717690634240,Twitter for Android,['1593376717690634240'],2022-11-17 22:53:07+00:00,"#SelecciÃ³nMayor

 Tras el entrenamiento de hoy, el futbolista NicolÃ¡s GonzÃ¡lez sufriÃ³ una lesiÃ³n muscular y quedarÃ¡ desafectado de la nÃ³mina mundialista. En su reemplazo, el CT de @Argentina,  convoca a Ãngel Correa.

VÃ­a @Argentina https://t.co/hBWlQlvSQt",False,,,
,,,,,es,1593376563424382977,Twitter Web App,['1593376563424382977'],2022-11-17 22:52:30+00:00,Una diapo para tener la referencia mÃ­nima del primer rival de la #SeleccionMayor Argentina a 5 dÃ­as del #MundialQatar2022 https://t.co/1iBzkarp9E,False,,,
,,,,,es,1593378648643567622,TweetDeck,['1593378648643567622'],2022-11-17 23:00:48+00:00,"#SelecciÃ³nMayor Parte mÃ©dico de los jugadores NicolÃ¡s GonzÃ¡lez y JoaquÃ­n Correa.

ğŸ“ https://t.co/z9qMwrf706 https://t.co/d6CbqOYF7q",False,,,
,,,,,es,1593377964590133248,Twitter for Android,['1593377964590133248'],2022-11-17 22:58:04+00:00,"ğŸš¨ ÃšLTIMO MOMENTO

@Argentina 
#SelecciÃ³nMayor

 El futbolista Thiago Almada se suma a la convocatoria mundialista de #Qatar2022â€¯â€¯â€¯. https://t.co/2SbHRfv90X",False,,,
,,,,,es,1593377480097906689,Twitter for Android,['1593377480097906689'],2022-11-17 22:56:09+00:00,"CAMBIO EN LA CONVOCATORIA DE ARGENTINA ğŸ‡¦ğŸ‡·
JoaquÃ­n Correa causa baja de la convocatoria por lesiÃ³n. Thiago Almada es el jugador que le sustituye #TodosJuntos #SeleccionMayor #QatarWorldCup2022 #MundialQatar2022 #FIFAWorldCupQatar2022 https://t.co/2xv4GKAH6y",False,replied_to,,
,,,,,es,1593376832656756736,Twitter Web App,['1593376832656756736'],2022-11-17 22:53:35+00:00,Una diapo para tener la referencia mÃ­nima del primer rival de la #SeleccionMayor Argentina a 5 dÃ­as del #MundialQatar2022 https://t.co/i3AWnzO3t1,False,,,
,,,,,es,1593376717690634240,Twitter for Android,['1593376717690634240'],2022-11-17 22:53:07+00:00,"#SelecciÃ³nMayor

 Tras el entrenamiento de hoy, el futbolista NicolÃ¡s GonzÃ¡lez sufriÃ³ una lesiÃ³n muscular y quedarÃ¡ desafectado de la nÃ³mina mundialista. En su reemplazo, el CT de @Argentina,  convoca a Ãngel Correa.

VÃ­a @Argentina https://t.co/hBWlQlvSQt",False,,,
,,,,,es,1593376563424382977,Twitter Web App,['1593376563424382977'],2022-11-17 22:52:30+00:00,Una diapo para tener la referencia mÃ­nima del primer rival de la #SeleccionMayor Argentina a 5 dÃ­as del #MundialQatar2022 https://t.co/1iBzkarp9E,False,,,
,,,,,es,1593378648643567622,TweetDeck,['1593378648643567622'],2022-11-17 23:00:48+00:00,"#SelecciÃ³nMayor Parte mÃ©dico de los jugadores NicolÃ¡s GonzÃ¡lez y JoaquÃ­n Correa.

ğŸ“ https://t.co/z9qMwrf706 https://t.co/d6CbqOYF7q",False,,,
,,,,,es,1593377964590133248,Twitter for Android,['1593377964590133248'],2022-11-17 22:58:04+00:00,"ğŸš¨ ÃšLTIMO MOMENTO

@Argentina 
#SelecciÃ³nMayor

 El futbolista Thiago Almada se suma a la convocatoria mundialista de #Qatar2022â€¯â€¯â€¯. https://t.co/2SbHRfv90X",False,,,
,,,,,es,1593377480097906689,Twitter for Android,['1593377480097906689'],2022-11-17 22:56:09+00:00,"CAMBIO EN LA CONVOCATORIA DE ARGENTINA ğŸ‡¦ğŸ‡·
JoaquÃ­n Correa causa baja de la convocatoria por lesiÃ³n. Thiago Almada es el jugador que le sustituye #TodosJuntos #SeleccionMayor #QatarWorldCup2022 #MundialQatar2022 #FIFAWorldCupQatar2022 https://t.co/2xv4GKAH6y",False,replied_to,,
,,,,,es,1593376832656756736,Twitter Web App,['1593376832656756736'],2022-11-17 22:53:35+00:00,Una diapo para tener la referencia mÃ­nima del primer rival de la #SeleccionMayor Argentina a 5 dÃ­as del #MundialQatar2022 https://t.co/i3AWnzO3t1,False,,,
,,,,,es,1593376717690634240,Twitter for Android,['1593376717690634240'],2022-11-17 22:53:07+00:00,"#SelecciÃ³nMayor

 Tras el entrenamiento de hoy, el futbolista NicolÃ¡s GonzÃ¡lez sufriÃ³ una lesiÃ³n muscular y quedarÃ¡ desafectado de la nÃ³mina mundialista. En su reemplazo, el CT de @Argentina,  convoca a Ãngel Correa.

VÃ­a @Argentina https://t.co/hBWlQlvSQt",False,,,
,,,,,es,1593376563424382977,Twitter Web App,['1593376563424382977'],2022-11-17 22:52:30+00:00,Una diapo para tener la referencia mÃ­nima del primer rival de la #SeleccionMayor Argentina a 5 dÃ­as del #MundialQatar2022 https://t.co/1iBzkarp9E,False,,,
,,,,,es,1593378648643567622,TweetDeck,['1593378648643567622'],2022-11-17 23:00:48+00:00,"#SelecciÃ³nMayor Parte mÃ©dico de los jugadores NicolÃ¡s GonzÃ¡lez y JoaquÃ­n Correa.

ğŸ“ https://t.co/z9qMwrf706 https://t.co/d6CbqOYF7q",False,,,
,,,,,es,1593377964590133248,Twitter for Android,['1593377964590133248'],2022-11-17 22:58:04+00:00,"ğŸš¨ ÃšLTIMO MOMENTO

@Argentina 
#SelecciÃ³nMayor

 El futbolista Thiago Almada se suma a la convocatoria mundialista de #Qatar2022â€¯â€¯â€¯. https://t.co/2SbHRfv90X",False,,,
,,,,,es,1593377480097906689,Twitter for Android,['1593377480097906689'],2022-11-17 22:56:09+00:00,"CAMBIO EN LA CONVOCATORIA DE ARGENTINA ğŸ‡¦ğŸ‡·
JoaquÃ­n Correa causa baja de la convocatoria por lesiÃ³n. Thiago Almada es el jugador que le sustituye #TodosJuntos #SeleccionMayor #QatarWorldCup2022 #MundialQatar2022 #FIFAWorldCupQatar2022 https://t.co/2xv4GKAH6y",False,replied_to,,
,,,,,es,1593376832656756736,Twitter Web App,['1593376832656756736'],2022-11-17 22:53:35+00:00,Una diapo para tener la referencia mÃ­nima del primer rival de la #SeleccionMayor Argentina a 5 dÃ­as del #MundialQatar2022 https://t.co/i3AWnzO3t1,False,,,
,,,,,es,1593376717690634240,Twitter for Android,['1593376717690634240'],2022-11-17 22:53:07+00:00,"#SelecciÃ³nMayor

 Tras el entrenamiento de hoy, el futbolista NicolÃ¡s GonzÃ¡lez sufriÃ³ una lesiÃ³n muscular y quedarÃ¡ desafectado de la nÃ³mina mundialista. En su reemplazo, el CT de @Argentina,  convoca a Ãngel Correa.

VÃ­a @Argentina https://t.co/hBWlQlvSQt",False,,,
,,,,,es,1593376563424382977,Twitter Web App,['1593376563424382977'],2022-11-17 22:52:30+00:00,Una diapo para tener la referencia mÃ­nima del primer rival de la #SeleccionMayor Argentina a 5 dÃ­as del #MundialQatar2022 https://t.co/1iBzkarp9E,False,,,
